Category	Key	Round 1 Wins	Round 1 Losses	Round 1 Sum	Round 2 Wins	Round 2 Losses	Round 2 Sum	Round 3 Wins	Round 3 Losses	Round 3 Sum
Card Keywords	Phases	16	26	1827.85	6	10	617.97	2	4	290.04
Card Keywords	Damage	1477	1514	148549.42	725	758	72987.58	338	387	34263.54
Card Keywords	Hydra	23	5	1921.58	18	5	1548.59	10	8	907.50
Card Keywords	Phased	8	23	1135.21	0	8	158.75	0	0	0.00
Card Keywords	Until	1196	1578	127187.59	510	690	54561.61	242	268	24281.19
Card Keywords	Combat	458	438	45243.94	234	224	22873.64	108	126	10918.56
Card Keywords	Starting	22	12	2116.49	14	8	1258.72	7	7	665.84
Card Keywords	Exactly	19	10	1713.72	15	4	1271.14	9	6	792.10
Card Keywords	Step	403	367	39032.78	204	201	20368.38	113	91	10655.02
Card Keywords	Phyrexian	23	16	2087.95	16	8	1302.12	6	10	745.84
Card Keywords	Amount	65	43	5868.41	34	33	3448.98	14	20	1528.94
Card Keywords	Wolf	37	23	3488.98	22	15	2041.99	8	14	1001.96
Card Keywords	Where	258	177	24150.20	140	119	13787.86	72	68	7285.83
Card Keywords	Reveals	105	88	10024.22	49	56	4991.96	21	28	2333.80
Card Keywords	Hexproof	64	28	5789.28	43	21	3935.18	27	16	2457.11
Card Keywords	Tap	926	843	90368.70	477	456	47468.20	247	230	24342.76
Card Keywords	Less	757	606	71938.89	402	360	39960.89	200	202	19943.75
Card Keywords	Rest	252	191	24122.57	142	111	13460.23	74	68	7155.74
Card Keywords	Draws	113	44	9816.95	74	41	6658.03	39	35	3979.81
Card Keywords	Equipment	39	29	3607.18	17	22	1758.85	11	6	941.58
Card Keywords	Equipped	120	114	11967.36	62	58	6300.15	34	28	3241.35
Card Keywords	Vigilance	151	125	14757.10	87	64	8136.41	52	35	4588.66
Card Keywords	Entwine	11	13	1180.00	5	6	572.17	3	2	269.44
Card Keywords	Red	405	323	38674.06	235	173	22172.49	118	117	11732.85
Card Keywords	Champion	21	16	2001.45	15	6	1201.93	4	11	656.84
Card Keywords	Buyback	24	16	2100.32	14	10	1222.00	6	8	585.05
Card Keywords	Game	95	40	8419.96	68	27	5668.02	37	31	3738.49
Card Keywords	During	215	288	22546.01	85	131	9526.44	47	38	4486.60
Card Keywords	Bushido	14	22	1578.67	5	9	579.69	2	3	242.55
Card Keywords	Attached	81	80	8221.46	35	46	3804.56	13	22	1484.17
Card Keywords	Flip	29	47	3510.64	13	16	1429.49	4	9	520.04
Card Keywords	Creates	42	12	3611.68	27	15	2477.20	17	10	1389.56
Card Keywords	Green	291	206	27438.99	166	125	15684.28	92	74	8816.42
Card Keywords	Poison	42	33	3861.60	16	26	1767.03	8	8	715.75
Card Keywords	Rounded	25	10	2019.51	17	8	1506.63	9	8	922.55
Card Keywords	Extra	34	7	2861.41	25	11	2189.74	16	9	1522.93
Card Keywords	Landfall	32	38	3400.45	19	13	1729.16	10	9	963.17
Card Keywords	Energy	32	18	2832.00	12	20	1420.00	6	6	566.75
Card Keywords	Back	110	104	10729.61	57	53	5664.03	32	25	3009.07
Card Keywords	Changeling	14	12	1413.21	4	10	623.60	3	1	225.43
Card Keywords	Multicolored	16	20	1673.69	6	10	718.49	4	2	330.52
Card Keywords	Flashback	61	53	5895.95	31	30	3208.89	19	12	1803.95
Card Keywords	Spells	287	164	26544.42	180	109	16629.05	98	82	9623.01
Card Keywords	Mountain	60	71	6251.22	31	29	3245.69	16	15	1567.94
Card Keywords	Rather	90	50	7957.70	50	40	4727.78	22	28	2441.41
Card Keywords	Three	349	255	33317.07	188	163	18193.64	100	88	9727.71
Card Keywords	Enough	33	40	3366.78	12	21	1451.24	5	7	543.75
Card Keywords	Basic	148	124	13898.34	78	71	7454.40	36	42	3902.42
Card Keywords	Counters	543	436	52417.48	280	263	27494.66	120	160	12957.89
Card Keywords	Draw	825	549	76484.00	437	391	43083.99	250	187	23319.28
Card Keywords	Graveyard	1068	737	99494.23	573	500	55946.78	294	279	29335.85
Card Keywords	Devoid	43	56	4543.08	16	27	1871.97	5	11	543.92
Card Keywords	Removed	56	45	5189.45	30	26	2874.37	14	16	1467.84
Card Keywords	Died	17	21	1803.60	6	11	727.09	2	4	252.46
Card Keywords	Land	939	748	89132.36	519	428	50419.33	293	226	27709.36
Card Keywords	Time	323	324	32585.21	151	177	16132.03	69	82	7153.59
Card Keywords	Text	17	22	1822.16	8	9	823.94	3	5	361.51
Card Keywords	Library	987	544	88572.33	560	435	53120.33	307	253	29714.56
Card Keywords	Heroic	16	26	1835.79	3	13	559.54	0	3	132.03
Card Keywords	Down	144	146	14764.88	69	76	7064.35	28	41	3176.57
Card Keywords	Trample	341	269	32469.76	180	162	18045.54	83	97	8607.43
Card Keywords	Scheme	2	0	121.79	1	1	114.50	1	0	76.24
Card Keywords	Cause	66	58	6394.26	36	30	3375.42	22	14	1991.58
Card Keywords	You	5167	4138	495236.69	2745	2452	269281.00	1384	1361	138265.81
Card Keywords	Beast	41	43	4254.14	20	21	1997.96	9	11	998.13
Card Keywords	Shadow	31	43	3303.87	15	16	1418.23	8	7	731.65
Card Keywords	Paying	161	66	14007.48	92	71	8622.91	48	44	4723.03
Card Keywords	Exiles	41	25	3825.29	22	19	2260.23	15	7	1251.94
Card Keywords	Players	140	74	12465.75	76	65	7328.39	40	36	3903.60
Card Keywords	Exiled	146	65	12899.91	87	60	8026.67	46	41	4538.72
Card Keywords	Become	365	436	38342.84	173	194	17826.18	89	84	8805.37
Card Keywords	Converted	274	163	25295.65	158	116	14833.14	87	71	8327.63
Card Keywords	Noncreature	78	48	7577.20	49	29	4583.62	36	13	3073.34
Card Keywords	Suspend	37	22	3312.84	23	14	2094.68	10	13	1098.10
Card Keywords	One	1398	992	131046.17	758	647	73591.94	409	349	39321.35
Card Keywords	Player	1647	1529	163396.88	860	795	84598.89	427	433	42820.60
Card Keywords	Another	329	226	30343.27	152	177	16040.23	70	82	7274.57
Card Keywords	Equip	149	135	14632.43	73	76	7521.28	39	34	3765.15
Card Keywords	Beyond	22	26	2305.55	13	9	1112.33	3	10	543.36
Card Keywords	Blue	134	129	13855.22	74	60	7092.18	46	28	4054.29
Card Keywords	Cycling	66	87	6999.46	31	35	3101.43	10	21	1302.09
Card Keywords	Bottom	184	115	17013.64	97	87	9442.32	52	45	5011.35
Card Keywords	Same	84	64	8227.68	45	39	4356.73	32	13	2611.74
Card Keywords	White	241	208	23805.30	141	100	13092.94	77	64	7165.55
Card Keywords	Bird	24	18	2331.90	14	10	1231.15	4	10	565.50
Card Keywords	Sliver	60	38	5342.04	30	30	2760.03	10	20	1274.07
Card Keywords	Prowess	21	9	1819.97	10	11	974.76	6	4	541.46
Card Keywords	Greater	103	81	9917.67	54	51	5356.86	24	30	2475.34
Card Keywords	Exchange	25	12	2135.05	13	12	1315.23	6	7	612.63
Card Keywords	Bands	4	42	1307.71	1	3	110.05	0	1	43.03
Card Keywords	Quest	14	11	1328.61	11	3	849.68	7	4	589.62
Card Keywords	Effects	32	32	3358.49	15	17	1686.78	8	7	785.50
Card Keywords	Legendary	37	22	3587.36	24	14	2267.54	10	14	1282.45
Card Keywords	Maximum	21	6	1771.72	13	8	1260.88	9	4	709.77
Card Keywords	Loses	222	205	22108.16	117	105	11551.67	55	62	5911.25
Card Keywords	Shares	26	26	2508.98	13	13	1224.21	6	7	651.01
Card Keywords	Cards	1179	760	108743.16	645	545	62337.06	342	303	33370.20
Card Keywords	Control	2422	2108	237272.17	1287	1140	126326.75	658	629	64502.33
Card Keywords	Spore	17	8	1342.96	5	12	673.95	2	3	225.92
Card Keywords	Four	180	114	16486.19	92	89	9282.93	38	54	4378.49
Card Keywords	Enchanted	343	579	39700.63	130	213	14448.22	53	77	5712.17
Card Keywords	From	1445	1041	135023.11	750	700	74102.68	383	367	38188.48
Card Keywords	Except	138	182	14930.12	73	65	6954.90	37	36	3678.06
Card Keywords	Type	204	165	19676.18	103	102	10438.28	58	45	5361.06
Card Keywords	Opponent	835	561	77417.94	447	390	43513.82	232	215	23106.66
Card Keywords	Merfolk	17	20	1738.45	9	8	826.93	4	5	403.88
Card Keywords	Clash	12	20	1421.82	3	9	401.70	1	2	102.61
Card Keywords	Lasts	22	27	2266.14	13	9	1145.51	5	8	564.94
Card Keywords	Beginning	834	688	80415.43	440	399	43813.53	219	221	22343.15
Card Keywords	Reveal	464	283	41740.29	247	221	24267.02	126	121	12539.46
Card Keywords	Sacrificed	58	53	5834.86	33	25	3346.90	22	11	1844.58
Card Keywords	This	2377	2507	240080.61	1161	1227	116790.72	524	637	55258.23
Card Keywords	Spent	36	38	3564.93	17	20	1857.52	7	10	825.70
Card Keywords	Surge	11	12	1085.27	4	7	473.04	2	2	203.24
Card Keywords	Sacrifices	131	75	12183.40	76	55	7463.97	47	29	4388.81
Card Keywords	Paired	9	12	922.81	3	6	417.96	1	2	79.00
Card Keywords	Either	50	31	4592.72	27	23	2732.68	12	15	1398.55
Card Keywords	Nonblack	53	38	4938.71	18	35	2274.69	8	10	858.22
Card Keywords	Spend	73	43	6909.59	45	29	4117.92	20	25	2097.72
Card Keywords	Block	613	1186	74096.72	240	374	26100.88	91	149	10650.23
Card Keywords	Being	7	44	1541.37	3	4	288.19	1	2	140.39
Card Keywords	Human	43	34	4350.00	27	16	2356.26	13	14	1357.44
Card Keywords	Giant	38	31	3325.18	15	23	1569.60	4	11	520.95
Card Keywords	Remains	26	31	2683.21	11	15	1100.15	3	8	437.29
Card Keywords	There	89	69	8633.14	48	41	4639.08	27	21	2372.81
Card Keywords	Destroyed	42	29	3835.95	22	20	2091.76	8	14	888.95
Card Keywords	Attackers	18	39	2178.44	4	14	603.86	1	3	173.14
Card Keywords	Black	321	281	31309.04	160	161	16114.66	86	74	8344.23
Card Keywords	Creature	4725	4655	472136.46	2309	2430	234439.95	1121	1188	113303.16
Card Keywords	Gains	450	528	46374.66	184	267	20756.10	84	100	8540.15
Card Keywords	Enchantment	210	198	21125.85	109	101	10870.39	61	48	5614.47
Card Keywords	Becomes	337	413	35852.13	158	181	16313.01	78	80	7954.21
Card Keywords	Effect	73	85	7750.79	37	36	3680.56	18	19	1808.54
Card Keywords	Tied	26	22	2445.85	14	12	1295.91	6	8	611.25
Card Keywords	Zombie	90	52	8407.57	48	42	4674.98	25	23	2500.04
Card Keywords	Regenerate	181	233	19429.92	84	98	8536.85	48	36	4405.49
Card Keywords	Convoke	16	19	1754.78	9	7	932.35	6	3	507.55
Card Keywords	Shaman	19	18	1960.00	11	8	1035.72	1	10	363.38
Card Keywords	Search	369	153	31879.65	234	139	21063.08	131	103	12582.18
Card Keywords	Twice	26	14	2366.17	15	11	1297.75	9	6	869.27
Card Keywords	Activate	250	273	25606.35	134	118	12989.03	70	64	6722.34
Card Keywords	Battlefield	2074	1430	193397.66	1125	954	109491.76	570	555	56776.52
Card Keywords	Seven	112	61	9966.46	67	47	6338.42	41	26	3772.28
Card Keywords	Planeswalker	81	48	7372.47	53	29	4784.00	31	22	2895.67
Card Keywords	Nonland	170	55	14410.12	88	83	9187.06	58	30	5146.48
Card Keywords	Enters	1400	1091	133215.28	701	702	71026.88	347	354	34586.64
Card Keywords	Banding	4	37	1107.73	1	3	117.40	0	1	43.03
Card Keywords	Scry	68	41	5997.99	38	30	3379.87	16	22	1787.14
Card Keywords	Flying	1143	1059	111800.94	548	597	56039.32	257	291	26442.53
Card Keywords	Vampire	44	22	3890.19	26	18	2458.10	7	19	1049.75
Card Keywords	Elemental	100	49	8854.39	50	50	5088.54	28	22	2414.53
Card Keywords	Other	804	492	74134.51	435	371	42116.62	220	215	22046.36
Card Keywords	Instead	252	173	23717.99	152	104	13946.67	81	71	7738.51
Card Keywords	Main	77	76	7488.65	37	40	3640.28	14	23	1699.69
Card Keywords	Then	834	471	75171.06	491	349	45363.61	273	218	26192.00
Card Keywords	Them	260	151	23798.49	142	120	13884.50	68	74	6874.43
Card Keywords	Power	395	293	37536.38	217	179	20992.85	108	109	10901.19
Card Keywords	Attacked	24	34	2761.78	12	12	1058.73	4	8	527.05
Card Keywords	After	50	39	5006.77	35	17	3025.72	23	12	2068.93
Card Keywords	Shroud	49	68	5414.28	28	21	2688.25	15	13	1474.62
Card Keywords	Spirit	111	112	10871.08	45	67	5093.49	17	28	2082.50
Card Keywords	Name	179	128	16677.74	95	87	9371.01	50	45	5067.65
Card Keywords	Attacks	305	262	29649.26	151	154	15099.11	76	75	7649.82
Card Keywords	Knight	28	26	2914.09	16	12	1421.32	11	5	795.06
Card Keywords	Equal	399	304	38182.26	219	180	21034.11	108	111	10808.97
Card Keywords	Without	215	194	21257.80	115	103	11090.57	61	54	5827.75
Card Keywords	Enter	1460	1111	138201.51	743	720	74770.39	369	374	36862.80
Card Keywords	Discard	539	516	53000.49	269	272	26481.80	122	147	13051.21
Card Keywords	Comes	368	455	39287.40	172	198	17859.60	86	86	8753.85
Card Keywords	Lands	204	155	19261.01	129	79	11961.23	74	55	6892.64
Card Keywords	Instances	18	15	1760.32	8	10	904.68	3	5	383.73
Card Keywords	Single	18	15	1613.51	7	11	762.52	3	4	354.66
Card Keywords	Cost	1036	743	97238.57	549	491	54032.13	267	282	27108.59
Card Keywords	Opponents	139	65	12447.79	89	50	8128.32	53	36	4896.16
Card Keywords	Untapped	125	124	12326.57	67	58	6510.36	34	33	3199.97
Card Keywords	Flash	187	143	17988.67	104	83	10083.96	56	48	5359.71
Card Keywords	Arcane	37	53	3994.26	6	31	1266.95	2	4	228.49
Card Keywords	Under	404	252	37465.51	236	168	22468.70	121	115	11819.21
Card Keywords	Tapped	482	400	46637.61	269	216	25897.98	136	133	13484.95
Card Keywords	Roll	365	422	38154.61	178	187	17959.07	106	72	9389.46
Card Keywords	Sorcery	264	200	25869.35	148	118	14028.84	75	73	7496.93
Card Keywords	Kicker	61	51	5711.03	24	38	2801.70	10	14	1129.82
Card Keywords	Highest	14	11	1402.02	8	6	777.60	3	5	372.18
Card Keywords	Pool	645	407	59925.73	407	248	37006.85	225	182	21606.63
Card Keywords	Level	16	12	1560.21	7	9	734.96	3	4	304.20
Card Keywords	Leaves	94	69	8921.38	49	45	4965.68	23	26	2498.76
Card Keywords	Fewer	25	7	2017.83	11	14	1242.55	8	3	589.82
Card Keywords	Discarded	21	15	1917.62	13	8	1118.13	3	10	462.44
Card Keywords	Turn	2452	2886	255050.55	1127	1334	117297.19	530	597	54921.83
Card Keywords	While	62	70	6482.16	36	28	3427.29	23	13	2012.78
Card Keywords	Overload	11	6	1033.90	6	5	569.71	2	4	274.11
Card Keywords	Enchant	554	760	60439.76	240	314	25483.63	115	125	11397.02
Card Keywords	Once	42	53	4447.81	26	16	2250.63	16	10	1417.60
Card Keywords	Angel	76	38	6943.34	48	28	4417.83	29	19	2443.30
Card Keywords	Random	66	83	7356.04	35	32	3442.47	15	20	1639.20
Card Keywords	Upkeep	602	558	59079.19	303	303	30918.48	141	162	14995.64
Card Keywords	Unearth	13	9	1205.05	6	7	565.87	2	4	242.71
Card Keywords	Golem	18	32	2218.98	10	8	916.96	3	7	382.66
Card Keywords	Saproling	46	21	4067.13	23	23	2347.31	12	11	1149.77
Card Keywords	Create	649	262	57322.04	389	260	36197.11	203	186	20146.62
Card Keywords	Storage	10	10	915.20	3	7	367.70	1	2	132.78
Card Keywords	Source	61	90	6835.47	28	33	2873.23	13	15	1299.10
Card Keywords	Faerie	19	13	1790.91	12	7	1068.98	7	5	678.18
Card Keywords	Controlled	18	15	1784.95	8	10	895.01	4	4	397.48
Card Keywords	Ability	264	313	27683.12	138	128	13533.50	66	72	6865.74
Card Keywords	Swampwalk	9	47	1954.02	5	4	519.44	3	2	274.95
Card Keywords	Infect	37	31	3611.02	14	23	1651.23	7	7	720.08
Card Keywords	Horror	21	12	1718.14	9	12	940.40	3	6	315.69
Card Keywords	Centaur	15	13	1405.65	7	8	707.53	3	4	345.72
Card Keywords	Choice	79	145	9442.22	32	48	3558.27	11	21	1385.05
Card Keywords	Controller	329	376	34160.38	159	170	16047.20	93	66	8301.09
Card Keywords	Permanents	166	108	15615.36	106	60	9653.94	66	40	5793.41
Card Keywords	Cycle	19	20	1951.46	10	9	984.55	3	7	434.43
Card Keywords	Target	3074	3127	308164.21	1447	1639	150224.17	710	737	71940.22
Card Keywords	Intimidate	16	20	1724.23	9	7	753.94	5	4	487.98
Card Keywords	Could	122	97	11815.12	63	60	6426.81	32	31	3046.43
Card Keywords	Counter	1170	950	112608.25	599	573	59655.18	282	317	28682.69
Card Keywords	Soldier	56	46	5424.83	28	28	2793.04	16	12	1476.28
Card Keywords	Remain	41	51	4282.85	17	24	1839.61	6	11	674.52
Card Keywords	Devotion	27	9	2432.85	22	5	1911.87	16	6	1461.83
Card Keywords	Among	151	156	15336.94	76	76	7665.01	42	34	3989.80
Card Keywords	Shuffle	445	193	38714.88	284	167	25648.87	153	131	15074.18
Card Keywords	Blocked	353	701	43123.56	153	200	15752.50	66	87	7206.34
Card Keywords	Islandwalk	14	35	2086.62	10	4	802.68	5	5	565.16
Card Keywords	Kithkin	12	16	1314.57	5	7	571.99	3	2	281.83
Card Keywords	Her	1761	1204	164824.36	949	818	92029.08	476	473	47908.69
Card Keywords	Transform	70	22	6174.27	48	22	4120.43	23	25	2379.59
Card Keywords	Shuffles	86	35	7346.81	48	40	4664.72	25	23	2511.82
Card Keywords	Forest	93	99	9544.86	54	39	5089.14	29	25	2632.75
Card Keywords	Way	285	167	25001.30	154	134	14632.30	71	83	7502.91
Card Keywords	Play	1723	1594	171086.52	903	831	88896.44	455	448	45389.57
Card Keywords	Blocks	97	158	10995.48	32	65	3775.61	10	22	1312.43
Card Keywords	Prevented	22	28	2514.42	11	11	1105.26	5	6	546.89
Card Keywords	Indestructible	85	33	7699.04	74	13	6196.52	47	27	4371.93
Card Keywords	Countered	61	14	5015.02	43	18	3614.06	29	14	2411.73
Card Keywords	Most	12	23	1510.06	6	6	604.36	2	4	234.67
Card Keywords	Protection	140	141	14028.75	66	74	6635.86	37	29	3426.97
Card Keywords	Revealed	97	51	8262.38	50	49	4949.34	27	23	2656.64
Card Keywords	Card	2980	2172	280324.93	1584	1412	154750.52	830	754	81063.06
Card Keywords	Whenever	1449	1099	137884.95	761	691	74147.00	381	380	37765.17
Card Keywords	Face	139	149	14460.37	63	77	6586.30	24	39	2851.98
Card Keywords	Delirium	23	19	2246.96	8	15	943.78	3	5	307.54
Card Keywords	Treated	8	22	1112.06	0	8	158.75	0	0	0.00
Card Keywords	Prevent	138	293	17200.50	56	82	6116.17	27	29	2638.69
Card Keywords	Divide	36	63	4206.24	21	16	1932.69	13	8	1150.34
Card Keywords	Attach	139	166	14936.92	63	76	6619.56	29	34	2929.39
Card Keywords	Number	515	402	48945.65	280	238	26930.15	135	145	13743.64
Card Keywords	Clockwork	1	8	323.17	1	0	71.82	0	1	44.97
Card Keywords	Colors	38	26	3643.57	20	18	2016.46	11	9	1000.50
Card Keywords	Defending	125	271	15904.44	59	66	5935.34	29	30	2957.12
Card Keywords	Exile	797	443	71469.24	448	354	43080.05	245	203	23377.09
Card Keywords	Defender	106	135	11089.30	32	74	4137.24	12	20	1394.63
Card Keywords	Targets	99	74	9662.29	62	37	5599.66	34	28	3276.05
Card Keywords	Causes	49	34	4481.44	27	22	2607.88	15	12	1432.99
Card Keywords	Creatures	1245	1213	124373.95	647	603	63675.22	318	329	32337.12
Card Keywords	Additional	223	172	21133.44	125	101	11813.02	70	55	6437.86
Card Keywords	Charge	51	51	5126.72	27	24	2716.62	17	10	1413.28
Card Keywords	Hidden	2	8	399.56	1	1	119.80	0	1	23.30
Card Keywords	Return	756	557	71874.01	387	369	38893.47	185	202	19291.56
Card Keywords	Returned	20	14	1714.61	6	14	840.56	0	6	201.14
Card Keywords	Colorless	166	93	14858.22	79	87	8297.54	40	39	3784.13
Card Keywords	Artifact	580	507	56699.88	303	283	29827.45	166	137	15943.92
Card Keywords	Blood	66	59	6035.12	28	38	2916.70	8	20	1089.56
Card Keywords	Many	96	36	8289.07	50	46	5021.80	21	29	2305.99
Card Keywords	Copy	165	64	14582.10	112	54	9959.22	59	53	5907.09
Card Keywords	Types	101	49	9129.52	49	52	5059.96	31	18	2688.32
Card Keywords	Represents	26	15	2260.64	12	14	1273.94	5	7	531.67
Card Keywords	Haste	356	230	33069.76	197	160	19397.02	103	94	10043.22
Card Keywords	Evoke	11	9	1115.21	6	5	658.69	5	1	423.02
Card Keywords	Lightning	25	11	2165.09	11	14	1344.69	5	6	576.29
Card Keywords	Named	93	71	8562.56	51	44	4895.87	20	31	2438.94
Card Keywords	Toughness	200	148	19734.78	122	79	11361.53	63	59	6129.39
Card Keywords	Have	433	295	40781.38	257	177	24032.83	125	132	13033.76
Card Keywords	Threshold	39	45	3990.63	15	24	1632.81	5	10	629.03
Card Keywords	Total	78	34	7119.02	53	26	4649.79	27	26	2654.90
Card Keywords	Artifacts	112	64	10265.35	63	49	6072.79	37	26	3553.54
Card Keywords	Able	93	144	10993.22	41	52	4092.87	16	25	1904.77
Card Keywords	Chooses	50	39	4656.55	27	24	2711.03	12	15	1192.72
Card Keywords	Permanent	567	405	53949.75	328	239	31112.15	190	138	17378.30
Card Keywords	Spike	7	14	912.29	2	5	286.77	2	0	126.53
Card Keywords	Casting	34	27	3370.01	21	13	2013.51	14	7	1222.66
Card Keywords	Would	305	406	32906.80	160	148	15520.45	83	77	7909.76
Card Keywords	Nontoken	58	32	5395.99	36	22	3260.49	18	18	1872.79
Card Keywords	Untap	442	432	43530.99	218	228	22163.07	118	100	11303.51
Card Keywords	Blockers	11	27	1500.14	2	9	433.56	0	2	63.17
Card Keywords	Change	80	59	7565.33	38	42	4060.22	16	22	1793.42
Card Keywords	Island	69	108	8187.40	41	28	3756.23	23	18	2264.98
Card Keywords	Drake	21	24	1956.39	4	17	726.09	1	3	176.00
Card Keywords	Snow	20	51	2433.68	8	12	825.85	2	6	267.43
Card Keywords	Mana	1237	769	114177.10	743	509	68864.43	400	343	38868.28
Card Keywords	Token	701	295	62167.79	419	282	38990.52	221	198	21780.76
Card Keywords	Menace	26	34	2712.02	15	11	1432.86	5	10	638.25
Card Keywords	Goblin	93	103	10071.23	50	43	5012.88	23	27	2584.36
Card Keywords	Share	67	64	6504.04	37	30	3270.38	14	23	1665.99
Card Keywords	Returns	46	11	3751.82	31	15	2603.88	14	17	1443.53
Card Keywords	Echo	25	28	2595.17	9	16	1133.65	3	6	386.51
Card Keywords	Fear	30	47	3426.37	12	18	1348.73	5	7	502.40
Card Keywords	Before	58	104	6964.67	24	34	2642.08	16	8	1344.87
Card Keywords	Again	22	17	2217.43	11	11	1102.35	4	7	456.77
Card Keywords	Addition	311	209	28920.01	181	133	16749.73	102	79	9411.29
Card Keywords	Divided	32	19	2865.28	19	14	1777.90	12	7	1042.79
Card Keywords	Since	28	32	2935.37	10	18	1278.94	3	7	436.08
Card Keywords	Controls	370	445	39256.79	192	181	18950.93	100	92	9922.00
Card Keywords	Plains	52	48	5129.56	31	21	2842.82	15	16	1578.24
Card Keywords	Choose	502	390	48298.68	285	222	27212.01	150	135	14446.36
Card Keywords	Destroy	605	547	59279.58	303	306	30689.24	175	128	15973.97
Card Keywords	Warrior	40	37	4146.87	21	19	2160.25	15	6	1290.63
Card Keywords	Life	855	736	83195.43	481	375	45991.04	261	220	25125.87
Card Keywords	Scion	16	15	1472.97	8	8	735.57	4	4	408.97
Card Keywords	Fire	64	60	6408.17	29	36	3133.76	16	13	1525.45
Card Keywords	Sacrifice	1017	1035	101672.28	483	538	50909.87	245	238	24262.10
Card Keywords	Deathtouch	88	45	7994.39	49	39	4772.99	28	21	2661.21
Card Keywords	Tokens	198	76	17046.70	113	85	10819.83	53	60	5622.79
Card Keywords	Blocking	69	190	9762.29	25	44	2746.04	6	19	922.44
Card Keywords	Instant	227	112	20992.55	146	82	13050.19	75	71	7551.60
Card Keywords	Forestwalk	13	34	1750.53	5	8	578.05	3	2	261.25
Card Keywords	Casts	85	78	8367.84	45	41	4404.44	27	18	2379.25
Card Keywords	Times	24	18	2300.35	10	15	1225.61	5	5	524.50
Card Keywords	Kavu	12	23	1345.94	5	7	499.17	1	4	182.58
Card Keywords	Command	32	17	3032.39	25	7	2014.23	12	13	1226.31
Card Keywords	Attacking	219	226	21699.72	98	121	9935.85	37	61	4336.38
Card Keywords	First	281	297	28769.50	137	145	13971.09	67	70	6971.39
Card Keywords	Domain	10	21	1183.09	2	8	369.50	0	2	52.94
Card Keywords	Ogre	14	27	1670.81	5	9	554.23	2	3	235.45
Card Keywords	Swamp	72	107	8064.60	36	36	3676.76	19	17	1845.32
Card Keywords	Activated	51	31	4645.76	31	21	2780.00	16	15	1599.91
Card Keywords	Exalted	18	15	1819.51	12	6	1116.62	9	3	708.53
Card Keywords	Conspiracy	1	0	73.41	0	1	48.76	0	0	0.00
Card Keywords	Megamorph	9	22	1334.69	4	5	460.71	1	3	159.86
Card Keywords	Monstrosity	20	12	1855.22	13	7	1235.22	6	7	665.09
Card Keywords	Still	70	48	6704.05	39	31	3854.82	26	13	2209.56
Card Keywords	Slivers	22	12	1889.86	13	9	1106.26	2	11	506.64
Card Keywords	Cumulative	32	56	3705.29	11	21	1407.15	4	7	424.65
Card Keywords	Least	32	40	3339.95	19	13	1722.24	9	10	1020.45
Card Keywords	Their	161	104	14706.77	82	80	8292.13	42	40	4231.11
Card Keywords	Draft	14	15	1415.28	4	10	471.02	1	3	156.38
Card Keywords	Paid	93	50	8110.49	43	51	4613.56	17	26	2067.37
Card Keywords	Storm	35	34	3483.60	22	13	1965.49	15	7	1294.30
Card Keywords	End	1657	2151	176818.52	734	927	77142.46	346	388	35047.29
Card Keywords	Flanking	12	23	1526.89	3	9	397.81	2	1	145.03
Card Keywords	Unless	279	334	28790.39	138	146	14153.88	64	74	6636.77
Card Keywords	Though	65	86	7276.46	31	34	3106.58	18	13	1669.82
Card Keywords	Spell	1183	840	111391.76	634	553	62242.71	344	290	33088.80
Card Keywords	Hand	1231	865	114809.92	642	600	63921.64	333	309	32787.85
Card Keywords	Chosen	107	92	10548.82	56	52	5461.39	25	31	2780.65
Card Keywords	Bestow	18	16	1892.87	9	9	877.19	2	7	349.78
Card Keywords	Every	19	13	1836.97	7	12	917.43	6	1	449.74
Card Keywords	Splice	18	16	1813.03	7	11	881.23	3	4	295.86
Card Keywords	Metalcraft	14	17	1545.73	7	7	726.56	4	3	367.50
Card Keywords	Morph	86	108	9404.23	36	50	4066.08	15	21	1555.24
Card Keywords	Wurm	31	22	2766.21	16	15	1696.25	10	6	965.09
Card Keywords	Deals	1142	976	110718.62	569	579	57282.53	265	304	26789.00
Card Keywords	Aura	82	73	8277.64	41	41	4125.98	14	27	1817.74
Card Keywords	Dealt	270	356	28932.87	125	146	12563.07	63	62	6073.06
Card Keywords	Assign	22	35	2485.51	8	15	974.46	3	5	426.36
Card Keywords	Discards	169	174	17073.24	81	89	8185.32	44	37	4469.02
Card Keywords	Wall	52	73	5432.89	13	39	1907.14	5	8	597.12
Card Keywords	Those	174	108	16261.06	96	79	9257.31	47	49	4921.86
Card Keywords	Lifelink	102	51	9356.29	63	39	6043.92	42	21	3692.25
Card Keywords	Eldrazi	35	23	3115.91	17	18	1709.82	6	11	762.17
Card Keywords	Depletion	2	10	401.66	1	1	99.66	0	1	28.96
Card Keywords	Attack	666	751	68091.99	299	369	30926.21	133	166	14272.92
Card Keywords	Strike	250	281	25920.73	110	140	11825.55	52	58	5473.23
Card Keywords	Ally	33	40	3467.46	13	20	1442.62	2	11	473.63
Card Keywords	Emblem	25	2	2229.74	24	2	2045.90	18	6	1535.53
Card Keywords	Reach	93	133	10570.21	48	45	4536.54	24	24	2332.76
Card Keywords	Five	89	44	7965.20	52	37	5124.06	28	24	2852.71
Card Keywords	More	380	294	36261.17	221	160	20089.04	111	110	10899.27
Card Keywords	Lost	27	11	2396.39	15	12	1440.65	9	6	759.56
Card Keywords	Double	79	40	7088.51	44	35	4198.25	18	26	2029.85
Card Keywords	Remove	254	251	24824.75	116	138	12096.70	49	67	5248.40
Card Keywords	Cast	1363	982	128194.96	707	663	70237.36	351	356	35351.05
Card Keywords	Costs	139	65	12327.18	83	57	7643.42	38	45	3959.47
Card Keywords	Treefolk	20	16	1835.74	9	11	951.82	2	7	308.27
Card Keywords	Dragon	104	55	9882.41	59	46	5816.14	35	24	3126.29
Card Keywords	Abilities	199	132	18870.31	128	72	11517.02	70	58	6781.87
Card Keywords	Madness	32	20	2788.17	16	16	1664.77	6	10	680.37
Card Keywords	Color	475	368	45550.88	245	230	24354.81	129	116	12405.10
Card Keywords	Nonbasic	27	20	2592.55	19	8	1589.01	14	5	1122.64
Card Keywords	Turned	66	58	6168.79	23	44	2875.67	6	17	902.85
Card Keywords	Second	23	14	2247.58	14	9	1323.99	8	6	766.02
Converted Mana Cost	11	7	3	634.88	5	2	473.45	4	1	319.54
Converted Mana Cost	10	26	4	2167.00	19	7	1699.06	12	7	1140.99
Converted Mana Cost	13	1	0	90.94	1	0	95.49	1	0	77.09
Converted Mana Cost	12	3	1	320.74	3	0	251.39	3	0	229.71
Converted Mana Cost	15	3	1	278.97	3	0	214.33	1	2	161.38
Converted Mana Cost	14	1	0	53.30	0	1	21.97	0	0	0.00
Converted Mana Cost	16	1	0	74.20	0	1	47.48	0	0	0.00
Converted Mana Cost	-1	353	219	32641.27	229	129	20813.41	142	87	12800.79
Converted Mana Cost	0.5	0	1	43.17	0	0	0.00	0	0	0.00
Converted Mana Cost	1000000	0	1	47.86	0	0	0.00	0	0	0.00
Converted Mana Cost	1	800	1055	84970.78	378	432	38874.86	203	175	19222.16
Converted Mana Cost	0	43	21	4165.88	33	14	2988.73	27	6	2229.88
Converted Mana Cost	3	1804	1947	182883.38	860	951	88263.25	405	455	41741.21
Converted Mana Cost	2	1580	1693	160308.61	772	815	77959.39	387	385	38650.72
Converted Mana Cost	5	965	968	97826.98	501	465	48662.09	246	255	24834.05
Converted Mana Cost	4	1514	1576	151439.40	692	828	72571.83	325	367	33687.81
Converted Mana Cost	7	279	163	25310.13	160	119	15197.89	92	68	8305.66
Converted Mana Cost	6	609	437	57566.26	340	270	32134.31	158	182	16497.21
Converted Mana Cost	9	40	17	3554.38	21	19	2028.88	7	14	999.46
Converted Mana Cost	8	122	43	10674.79	79	43	7302.19	35	44	3902.34
Card Types	Legendary Creature	471	153	42624.35	361	110	30558.21	238	123	20919.91
Card Types	Tribal Instant	12	8	1027.38	5	7	509.80	2	3	183.28
Card Types	Scariest Creature You'll Ever See	1	0	77.60	1	0	68.90	0	1	25.00
Card Types	Land	308	200	28547.65	195	115	17772.78	117	78	10613.30
Card Types	Artifact	578	519	56072.71	310	276	30356.85	162	148	15972.72
Card Types	Legendary Enchantment Creature	15	0	1263.54	15	0	1267.07	12	3	1100.11
Card Types	Legendary Enchantment Artifact	5	0	386.93	4	1	373.52	3	1	252.16
Card Types	Creature	3322	4045	346359.17	1456	1869	153651.21	603	853	66157.67
Card Types	Legendary Artifact	33	4	2834.10	26	7	2224.39	17	9	1498.22
Card Types	Artifact Creature	239	275	24397.40	118	123	11980.74	60	58	6243.74
Card Types	Legendary Enchantment	12	4	996.78	9	3	681.93	2	7	412.21
Card Types	Enchantment	939	1025	96138.14	461	483	46499.00	218	243	22194.00
Card Types	Snow Land	2	5	277.62	1	1	88.28	0	1	21.79
Card Types	Enchantment Creature	40	28	3823.77	21	19	2074.33	9	12	1012.62
Card Types	Sorcery	983	793	93315.14	511	479	50684.64	265	246	26001.53
Card Types	Tribal Artifact	2	3	213.78	1	1	104.72	0	1	18.93
Card Types	World Enchantment	9	15	1090.98	5	6	562.99	3	2	300.47
Card Types	Snow Enchantment	1	4	158.54	0	1	31.46	0	0	0.00
Card Types	Snow Artifact Creature	2	1	147.12	1	1	85.01	0	1	14.48
Card Types	Snow Artifact	1	0	82.78	1	0	50.58	1	0	64.86
Card Types	Basic Land	6	0	500.81	6	0	455.02	5	1	415.99
Card Types	Instant	1024	1017	101441.80	476	555	49627.27	249	227	24217.08
Card Types	Tribal Sorcery	11	5	996.23	6	5	540.74	2	4	257.87
Card Types	Legendary Land	26	12	2464.51	22	7	1977.88	16	6	1450.01
Card Types	Enchant Creature	2	3	199.46	0	2	72.21	0	0	0.00
Card Types	Tribal Enchantment	9	4	765.18	6	3	552.02	2	4	318.09
Card Types	Artifact Land	5	1	391.03	2	3	190.90	1	1	71.50
Card Types	Snow Creature	12	14	1214.01	5	7	485.59	3	2	228.93
Card Types	Land Creature	1	0	95.00	1	0	65.44	1	0	67.27
Card Types	Enchant Player	0	2	70.11	0	0	0.00	0	0	0.00
Card Types	Planeswalker	68	7	6025.83	61	9	5251.16	50	11	4152.34
Card Types	Legendary Snow Land	1	0	64.25	1	0	98.03	1	0	88.31
Card Types	Basic Snow Land	4	1	300.40	1	3	165.08	1	0	72.62
Card Types	Legendary Artifact Creature	7	1	656.02	7	0	492.25	5	2	452.99
Card Types	Eaturecray	0	1	32.80	0	0	0.00	0	0	0.00
Card Rarity	Basic Land	10	1	801.21	7	3	620.10	6	1	488.61
Card Rarity	Rare	2798	1485	253710.61	1682	1130	154571.86	833	849	83711.10
Card Rarity	Uncommon	2223	2627	228097.97	798	1428	92812.03	260	538	32231.40
Card Rarity	Common	1686	3693	208375.47	448	1239	62073.28	136	312	17311.03
Card Rarity	Mythic Rare	488	41	41370.71	431	64	36156.58	313	118	27055.26
Card Rarity	Special	946	303	82696.95	730	232	63366.15	500	230	44002.60
Card Colors	Blue	1254	1219	123802.51	600	661	61107.91	305	295	30427.88
Card Colors	Rainbow	17	4	1538.99	15	2	1265.64	13	2	971.95
Card Colors	Selesnya	107	53	9765.11	67	40	6194.82	43	24	3842.85
Card Colors	Tiro	1	1	118.14	1	0	63.77	1	0	73.53
Card Colors	Naya	21	8	1861.10	16	5	1337.24	9	7	879.02
Card Colors	Azorius	111	45	10162.05	65	47	6030.61	39	26	3512.95
Card Colors	Saskia	2	0	161.87	2	0	143.67	2	0	155.37
Card Colors	Black	1186	1307	120065.64	536	658	56569.25	246	290	25788.27
Card Colors	White	1064	1462	114431.78	492	576	50053.50	230	262	23628.64
Card Colors	Simic	79	20	6722.79	58	21	4991.95	31	27	3078.19
Card Colors	Rakdos	93	61	9129.08	52	41	5046.06	26	26	2536.79
Card Colors	Red	1093	1398	116060.28	482	615	51310.60	204	278	22152.36
Card Colors	Bant	22	8	2029.43	16	6	1342.81	11	5	899.04
Card Colors	Colorless	1232	1050	118579.17	698	549	66894.83	393	305	37225.89
Card Colors	Boros	74	27	6265.41	40	34	4027.46	17	23	1960.05
Card Colors	Jund	21	8	1914.27	9	12	1046.43	5	4	439.14
Card Colors	Golgari	72	27	6474.86	45	27	4095.70	29	16	2509.47
Card Colors	Dimir	111	46	9873.75	74	37	6398.01	35	39	3765.78
Card Colors	Izzet	77	23	6800.19	50	27	4639.82	19	31	2323.75
Card Colors	Sultai	12	1	943.65	6	6	674.12	5	1	352.57
Card Colors	Esper	24	5	2078.06	17	7	1501.71	11	6	1002.95
Card Colors	Green	1225	1283	123640.66	581	646	59926.50	279	302	28181.97
Card Colors	Abzan	12	1	1034.59	7	5	705.66	2	5	344.22
Card Colors	Orzhov	80	24	7071.07	56	24	4865.43	34	22	3077.91
Card Colors	Atraxa	2	0	174.15	2	0	169.54	2	0	127.24
Card Colors	Jeskai	11	1	966.37	10	1	752.78	8	2	664.47
Card Colors	Temur	8	6	800.29	6	2	540.92	4	2	349.16
Card Colors	Breya	1	1	131.76	1	0	68.54	0	1	45.81
Card Colors	Grixis	24	7	2016.74	16	8	1377.09	10	6	904.23
Card Colors	Gruul	105	49	9418.46	68	37	5814.46	28	40	3046.28
Card Colors	Mardu	9	4	910.35	7	2	583.17	6	1	472.00
Card Colors	Yidris	1	1	110.35	1	0	60.00	1	0	60.27
Printings Artists		1	0	94.50	1	0	81.04	0	1	44.07
Printings Artists	Simon Bisley	1	4	191.37	0	1	20.17	0	0	0.00
Printings Artists	Liam Sharp	1	2	152.76	1	0	56.45	0	1	34.17
Printings Artists	Tony Roberts	8	8	866.49	6	2	489.86	6	0	480.51
Printings Artists	Nils Hamm	75	52	6989.37	41	35	4006.96	22	19	2241.38
Printings Artists	Christine Choi	18	11	1644.02	16	2	1203.10	10	6	884.54
Printings Artists	M. W. Kaluta &amp; DiTerlizzi	2	0	132.89	0	2	22.33	0	0	0.00
Printings Artists	Mike Dringenberg	18	23	1955.36	9	9	944.92	2	7	280.77
Printings Artists	Ding Songjian	0	3	106.92	0	0	0.00	0	0	0.00
Printings Artists	Francis Tsai	0	5	104.30	0	0	0.00	0	0	0.00
Printings Artists	Gabor Szikszai	4	2	326.38	3	1	264.22	2	1	195.63
Printings Artists	Kari Johnson	2	0	132.75	1	1	62.89	0	1	38.14
Printings Artists	Cai Tingting	0	2	67.45	0	0	0.00	0	0	0.00
Printings Artists	Alisa Lee	1	0	85.37	1	0	71.78	0	1	43.19
Printings Artists	Kang Yu	1	3	139.86	0	1	24.19	0	0	0.00
Printings Artists	Al Davidson	1	1	99.45	0	1	18.34	0	0	0.00
Printings Artists	Bill Sienkiewicz	0	2	38.60	0	0	0.00	0	0	0.00
Printings Artists	Drew Baker	8	6	757.32	6	2	459.85	5	1	418.96
Printings Artists	Wayne Reynolds	71	51	6883.41	36	35	3601.14	23	13	2036.29
Printings Artists	Wang Feng	1	2	118.40	0	1	18.38	0	0	0.00
Printings Artists	David Rapoza	25	10	2010.03	14	11	1320.54	9	5	806.50
Printings Artists	Kev Brockschmidt	2	2	167.86	1	1	103.40	0	1	25.63
Printings Artists	Gary Ruddell	18	18	1791.31	4	14	736.23	0	4	101.89
Printings Artists	LHQ	0	2	47.04	0	0	0.00	0	0	0.00
Printings Artists	Craig Hooper	0	1	8.71	0	0	0.00	0	0	0.00
Printings Artists	Jim Pavelec	12	13	1205.44	4	8	485.66	0	4	139.97
Printings Artists	Donato Giancola	62	44	5637.43	33	29	3328.02	20	13	1704.86
Printings Artists	Chuck Lukacs	15	4	1271.44	9	7	844.76	6	3	511.85
Printings Artists	Dan Scott	121	71	11181.84	63	59	6372.14	29	34	3030.70
Printings Artists	Stuart Griffin	8	9	821.40	3	5	298.93	0	3	92.57
Printings Artists	John Bolton	7	4	596.52	2	5	298.68	0	2	59.44
Printings Artists	Vincent Proce	47	19	4080.20	32	15	2653.09	18	14	1663.80
Printings Artists	Una Fricker	18	25	1905.48	10	8	891.45	7	3	523.61
Printings Artists	Jakub Kasper	8	13	972.74	4	4	386.28	2	2	228.74
Printings Artists	YW Tang	3	6	410.38	2	1	192.15	1	1	88.80
Printings Artists	Wesley Burt	30	17	2791.69	20	10	1814.73	10	10	1009.49
Printings Artists	Viktor Titov	12	12	1082.79	6	6	579.96	3	3	303.07
Printings Artists	Pat Morrissey	13	16	1262.42	6	7	678.69	6	0	413.14
Printings Artists	Tony Diterlizzi	0	1	28.59	0	0	0.00	0	0	0.00
Printings Artists	Cole Eastburn	3	3	338.65	3	0	201.72	1	2	125.92
Printings Artists	Sidharth Chaturvedi	2	3	156.29	0	2	35.08	0	0	0.00
Printings Artists	Daniel Gelon	20	39	2290.73	11	9	1061.64	7	4	593.28
Printings Artists	David A. Cherry	6	20	982.65	2	4	226.68	0	2	84.08
Printings Artists	Igor Kieryluk	69	58	6806.43	32	37	3426.83	19	13	1728.52
Printings Artists	Adam Paquette	49	23	4422.94	29	20	2774.87	18	11	1607.69
Printings Artists	Zhang Jiazhen	0	3	57.64	0	0	0.00	0	0	0.00
Printings Artists	Melissa A. Benson	21	37	2465.32	8	13	962.64	6	2	501.43
Printings Artists	Susan Van Camp	6	33	1421.09	5	1	357.21	3	2	291.09
Printings Artists	Greg Opalinski	7	8	832.48	5	2	369.33	3	2	286.58
Printings Artists	Dave Dorman	51	48	4950.28	25	26	2295.90	11	14	1141.51
Printings Artists	Terese Nielsen & Ron Spencer	1	0	89.93	0	1	27.10	0	0	0.00
Printings Artists	David “Help Me” Martin	0	1	25.89	0	0	0.00	0	0	0.00
Printings Artists	Phil Foglio	17	26	1895.85	8	9	837.79	3	5	371.29
Printings Artists	Steve Firchow	0	3	112.46	0	0	0.00	0	0	0.00
Printings Artists	Thomas Gianni	8	20	1163.34	1	7	271.51	0	1	31.82
Printings Artists	Jaime Jones	71	28	6179.46	41	30	4125.12	19	22	2103.98
Printings Artists	Austin Hsu	22	13	2075.25	11	11	1108.15	6	5	610.41
Printings Artists	Ian Miller	7	17	807.41	3	4	293.60	1	2	115.95
Printings Artists	Ittoku	12	13	1260.56	6	6	686.82	4	2	356.47
Printings Artists	Eytan Zana	17	8	1429.87	8	9	830.00	7	1	533.77
Printings Artists	Frank Kelly Freas	1	1	90.77	0	1	29.89	0	0	0.00
Printings Artists	Zack Stella	28	24	2778.86	15	13	1488.08	9	6	802.37
Printings Artists	Lawrence Snelly	4	4	374.75	3	1	232.75	1	2	161.48
Printings Artists	Volkan Baga	70	39	6672.32	53	21	4751.71	34	19	3064.41
Printings Artists	Dave Seeley	1	0	59.83	0	1	34.42	0	0	0.00
Printings Artists	Berry	1	6	229.72	0	1	15.96	0	0	0.00
Printings Artists	Anthony Palumbo	35	21	2948.12	13	22	1598.01	4	9	515.75
Printings Artists	Joseph Meehan	15	12	1382.26	6	9	719.32	0	6	181.94
Printings Artists	Cara Mitten	0	2	61.84	0	0	0.00	0	0	0.00
Printings Artists	Brian Snõddy	55	68	5908.15	35	21	3037.94	23	12	1811.43
Printings Artists	Michael Sutfin	45	38	4397.93	21	25	2306.58	10	11	1050.63
Printings Artists	Chris Appelhans	1	1	98.25	0	1	25.10	0	0	0.00
Printings Artists	Keith Parkinson	4	12	581.53	2	2	190.35	2	0	154.19
Printings Artists	Johannes Voss	21	13	1809.62	12	9	1181.15	8	4	678.42
Printings Artists	Brian Durfee	2	1	164.33	1	1	85.57	1	0	84.45
Printings Artists	Glen Angus	33	45	3420.16	14	19	1588.09	9	5	841.48
Printings Artists	Mitch Cotie	6	1	459.74	4	2	287.79	1	3	120.71
Printings Artists	Greg Staples	150	117	14514.02	93	57	8296.22	49	44	4916.15
Printings Artists	David Hudnut	1	1	105.25	1	0	82.11	1	0	78.63
Printings Artists	Stephen Tappin	22	16	2051.56	14	8	1237.89	4	10	580.83
Printings Artists	David Seeley	4	5	352.84	0	4	100.87	0	0	0.00
Printings Artists	Paul Bonner	11	5	890.48	6	5	533.65	3	3	290.22
Printings Artists	Stephen L. Walsh	1	1	95.82	0	1	23.15	0	0	0.00
Printings Artists	Richard Kane Ferguson	24	35	2752.37	13	11	1277.53	8	5	672.95
Printings Artists	Jennifer Law	0	2	67.24	0	0	0.00	0	0	0.00
Printings Artists	Raoul Vitale	15	12	1487.33	5	10	674.20	4	1	341.46
Printings Artists	Yan Li	0	1	9.84	0	0	0.00	0	0	0.00
Printings Artists	John Avon	121	84	11134.79	74	47	6804.19	32	42	3684.21
Printings Artists	Greg Simanson	11	11	1082.22	2	9	417.34	1	1	111.18
Printings Artists	Steve Ellis	3	7	439.87	0	3	116.14	0	0	0.00
Printings Artists	Zezhou Chen	5	2	440.90	2	3	275.58	1	1	123.47
Printings Artists	John Donahue	1	1	113.25	1	0	89.82	1	0	67.07
Printings Artists	M. W. Kaluta & DiTerlizzi	2	0	135.39	0	2	28.80	0	0	0.00
Printings Artists	Zoltan Boros &amp; Gabor Szikszai	39	36	3937.01	21	18	2073.01	14	7	1243.57
Printings Artists	Steve Argyle	42	23	3864.76	28	14	2459.27	15	13	1599.49
Printings Artists	Junko Taguchi	2	1	188.57	0	2	76.23	0	0	0.00
Printings Artists	Dany Orizio	29	27	2700.94	12	18	1327.10	5	7	503.63
Printings Artists	Tom Wänerstrand	21	37	2556.69	12	9	1112.85	8	4	694.17
Printings Artists	Carl Frank	5	7	606.59	2	3	207.69	1	1	115.43
Printings Artists	Carl Critchlow	92	117	10353.61	56	36	4882.01	27	29	2813.90
Printings Artists	Jeff Easley	24	25	2525.75	12	12	1082.84	4	8	496.16
Printings Artists	Mark Brill	21	17	2048.60	10	11	1041.71	5	5	516.48
Printings Artists	Chase Stone	41	22	3806.58	24	17	2202.64	18	6	1242.30
Printings Artists	Chengo McFlingers	0	1	22.85	0	0	0.00	0	0	0.00
Printings Artists	Pete Venters	119	154	12943.47	55	66	5833.02	25	30	2742.98
Printings Artists	Jeremy Jarvis	31	14	2899.87	23	8	1911.71	8	15	1077.72
Printings Artists	Quinton Hoover	23	46	3069.20	10	13	1194.49	6	4	605.84
Printings Artists	Ash Wood	1	2	109.75	1	0	88.68	1	0	65.91
Printings Artists	Brian Despain	13	14	1252.97	6	7	689.22	2	4	303.90
Printings Artists	Pete “Yes the Urza's Legacy One” Venters	0	1	42.57	0	0	0.00	0	0	0.00
Printings Artists	Cornelius Brudi	4	5	398.22	3	1	276.95	2	1	173.99
Printings Artists	James Allen	3	1	244.08	1	2	144.35	1	0	88.19
Printings Artists	Andrew Goldhawk	12	14	1160.66	4	8	506.54	1	3	121.46
Printings Artists	David “Beeblemania” Martin	0	1	42.00	0	0	0.00	0	0	0.00
Printings Artists	Jarreau Wimberly	2	2	211.87	2	0	153.47	1	1	91.26
Printings Artists	Chris Dien	0	2	30.96	0	0	0.00	0	0	0.00
Printings Artists	Janet Aulisio	2	2	189.78	1	1	84.10	1	0	52.46
Printings Artists	Seb McKinnon	35	27	3589.92	20	15	1876.86	9	11	930.19
Printings Artists	Jim Nelson	61	63	5935.16	25	36	2763.94	11	14	1195.82
Printings Artists	Fred Fields	10	3	906.79	7	3	632.93	6	1	509.14
Printings Artists	Dan Dos Santos	10	8	976.44	5	5	495.51	3	2	212.66
Printings Artists	Blackie del Rio	1	1	97.95	0	1	27.70	0	0	0.00
Printings Artists	Adam Rex	55	71	5723.42	31	24	3005.31	16	15	1668.40
Printings Artists	Kipling West	0	2	39.68	0	0	0.00	0	0	0.00
Printings Artists	Andrew Robinson	27	29	2769.99	12	15	1353.74	4	8	592.96
Printings Artists	Dan Seagrave	1	1	96.49	0	1	41.04	0	0	0.00
Printings Artists	James Ryman	46	40	4706.30	22	24	2253.44	10	12	1026.51
Printings Artists	Rick Emond	2	5	292.27	1	1	130.73	1	0	75.54
Printings Artists	Fred Harper	0	2	38.07	0	0	0.00	0	0	0.00
Printings Artists	Willian Murai	31	17	2944.65	22	10	2051.88	15	7	1392.19
Printings Artists	Val Mayerik	11	25	1362.11	6	5	531.32	4	2	344.69
Printings Artists	Li Wang	2	2	167.38	1	1	55.82	0	1	45.78
Printings Artists	Terese Nielsen	116	63	10355.08	72	45	6744.88	42	30	4118.69
Printings Artists	Michael Koelsch	1	3	146.44	1	0	61.44	1	0	56.59
Printings Artists	Mike Raabe	18	21	1885.03	7	12	915.21	4	3	417.71
Printings Artists	Sean Sevestre	1	1	125.52	1	0	88.56	1	0	87.17
Printings Artists	Janine Johnston	4	10	516.79	2	2	181.01	0	2	69.16
Printings Artists	Ryan Alexander Lee	18	15	1811.32	14	4	1194.08	10	4	810.02
Printings Artists	Lin Yan	0	2	10.96	0	0	0.00	0	0	0.00
Printings Artists	Patrick Kochakji	0	2	88.44	0	0	0.00	0	0	0.00
Printings Artists	Quinton Hoover &amp; Val Mayerik	2	0	126.93	0	2	44.19	0	0	0.00
Printings Artists	Zina Saunders	9	20	1111.41	3	6	363.78	1	2	135.02
Printings Artists	Xu Xiaoming	3	3	287.66	0	3	98.62	0	0	0.00
Printings Artists	Liz Danforth & Douglas Shuler	0	1	32.62	0	0	0.00	0	0	0.00
Printings Artists	Cynthia Sheppard	34	15	2816.53	18	16	1768.45	7	11	854.82
Printings Artists	Heather Hudson	82	99	8365.02	34	48	3721.25	16	18	1657.48
Printings Artists	Sal Villagran	0	4	117.22	0	0	0.00	0	0	0.00
Printings Artists	David Martin	38	36	3726.52	15	24	1782.54	10	5	782.39
Printings Artists	Kuang Sheng	0	3	29.11	0	0	0.00	0	0	0.00
Printings Artists	Kevin McCann	1	0	52.45	1	0	79.17	0	1	35.66
Printings Artists	Mark Poole	35	71	4632.86	20	16	1997.68	17	3	1469.62
Printings Artists	Fang Yue	1	2	137.56	1	0	72.28	1	0	63.90
Printings Artists	Margaret Organ-Kean	6	19	1009.91	4	2	342.89	2	2	192.94
Printings Artists	???	4	1	322.77	3	1	278.07	2	1	171.27
Printings Artists	Yokota Katsumi	0	2	45.64	0	0	0.00	0	0	0.00
Printings Artists	Justin Hampton	4	13	727.94	1	3	159.17	1	0	91.19
Printings Artists	Jim Murray	42	30	3935.55	28	14	2596.04	14	14	1515.31
Printings Artists	Jiang Zhuqing	0	3	42.22	0	0	0.00	0	0	0.00
Printings Artists	Jack Wang	28	17	2543.37	16	12	1546.54	8	8	739.10
Printings Artists	Nathalie Hertz	0	3	73.62	0	0	0.00	0	0	0.00
Printings Artists	Fay Jones	1	0	85.08	1	0	85.71	1	0	83.09
Printings Artists	Junichi Inoue	0	1	37.80	0	0	0.00	0	0	0.00
Printings Artists	Monte Michael Moore	3	5	337.31	1	2	119.33	1	0	72.59
Printings Artists	Cecil Fernando	0	4	50.79	0	0	0.00	0	0	0.00
Printings Artists	Christopher Moeller	131	113	12738.79	74	58	7147.64	41	33	3888.97
Printings Artists	Roger Raupp	19	23	1911.55	8	11	797.93	1	7	273.58
Printings Artists	Jeff Simpson	5	7	551.62	3	2	270.64	3	0	214.19
Printings Artists	Daren Bader	79	85	7859.73	39	40	3912.53	18	21	1822.54
Printings Artists	Jesper Ejsing	55	38	5140.28	26	29	2631.51	14	12	1375.44
Printings Artists	Kristen Bishop	0	1	43.12	0	0	0.00	0	0	0.00
Printings Artists	Sue Ellen Brown	4	1	307.42	3	1	266.76	1	2	123.20
Printings Artists	Mark Romanoski	12	15	1393.60	9	3	736.80	5	4	482.49
Printings Artists	Mark A. Nelson	5	4	488.90	2	3	284.84	1	1	85.90
Printings Artists	Chris Rahn	90	34	7819.61	67	26	5891.29	39	28	3934.03
Printings Artists	Jason Rainville	19	17	1924.47	10	9	1083.55	7	3	549.10
Printings Artists	John Zeleznik	6	4	502.64	5	1	376.40	2	3	201.95
Printings Artists	Alejandro Mirabal	0	7	211.51	0	0	0.00	0	0	0.00
Printings Artists	Dave Allsop	34	21	3262.74	22	12	1901.30	13	9	1255.51
Printings Artists	Pete “Fear Me” Venters	0	1	28.34	0	0	0.00	0	0	0.00
Printings Artists	Li Xiaohua	1	3	84.00	0	1	16.19	0	0	0.00
Printings Artists	Mike Bierek	42	28	4007.56	26	16	2441.83	17	9	1469.43
Printings Artists	Jonas De Ro	20	6	1762.70	17	3	1304.32	11	6	1005.61
Printings Artists	Carol Heyer	0	2	53.85	0	0	0.00	0	0	0.00
Printings Artists	Jeff Miracola	48	62	4893.20	19	29	2226.05	6	13	848.32
Printings Artists	Okera	1	0	78.18	0	1	21.92	0	0	0.00
Printings Artists	Puddnhead	11	5	873.06	5	6	514.35	4	1	313.16
Printings Artists	Lucio Parrillo	7	5	630.05	6	1	456.00	3	3	321.55
Printings Artists	Ron “Don't You Dare Change Me” Spears	0	1	36.69	0	0	0.00	0	0	0.00
Printings Artists	Brandon Dorman	3	3	312.21	0	3	103.62	0	0	0.00
Printings Artists	Jon J Muth	3	2	298.31	2	1	196.29	2	0	147.21
Printings Artists	Don Hazeltine	18	16	1725.24	8	10	862.40	5	3	413.81
Printings Artists	Ken Meyer, Jr.	8	6	742.24	3	5	378.48	3	0	206.27
Printings Artists	Romas Kukalis	3	2	301.11	3	0	230.51	2	1	189.36
Printings Artists	Ruth Thompson	5	4	430.05	1	4	184.80	0	1	14.33
Printings Artists	Bud Cook	7	5	676.80	6	1	472.97	4	2	354.68
Printings Artists	Kunio Hagio	1	0	74.66	0	1	33.57	0	0	0.00
Printings Artists	Jana Schirmer &amp; Johannes Voss	10	5	888.67	8	2	706.85	5	3	460.76
Printings Artists	Tsutomu Kawade	7	12	815.70	1	6	235.70	0	1	44.82
Printings Artists	Kathryn Rathke	1	2	138.17	0	1	41.68	0	0	0.00
Printings Artists	Rebecca Guay	72	81	7402.86	40	32	3994.99	26	14	2294.22
Printings Artists	Omar Rayyan	12	4	1065.03	8	4	671.65	3	5	382.17
Printings Artists	Peter Bollinger	3	4	336.80	2	1	140.17	0	2	56.44
Printings Artists	Bob Petillo	4	7	382.54	2	2	194.89	0	2	58.80
Printings Artists	Ryan Pancoast	44	26	4033.88	26	18	2422.12	14	12	1347.34
Printings Artists	Anson Maddocks	39	72	4777.48	17	22	1697.04	10	7	925.65
Printings Artists	David Gaillet	22	16	1891.12	7	15	895.64	2	5	230.16
Printings Artists	Tang Xiaogu	0	2	78.05	0	0	0.00	0	0	0.00
Printings Artists	Joel Biske	1	10	286.22	0	1	24.58	0	0	0.00
Printings Artists	Sung Choi	2	1	183.88	2	0	140.81	2	0	137.81
Printings Artists	Jae Lee	4	0	335.32	1	3	200.81	1	0	72.89
Printings Artists	Randis Albion	4	3	364.74	2	2	152.44	1	1	111.94
Printings Artists	Dominick Domingo	7	3	547.24	4	3	333.78	1	3	132.25
Printings Artists	Filip Burburan	14	12	1374.11	10	4	907.38	4	6	482.98
Printings Artists	Darrell Riche	49	43	4454.90	25	24	2403.31	14	11	1315.69
Printings Artists	Matt Cavotta	92	83	8773.63	53	39	4751.73	27	26	2655.66
Printings Artists	Jason Alexander Behnke	1	2	127.48	1	0	61.44	1	0	56.59
Printings Artists	Dave Kendall	65	62	6513.73	24	41	2790.87	13	11	1242.44
Printings Artists	Tony Foti	4	0	283.85	1	3	175.18	1	0	64.78
Printings Artists	Gao Jianzhang	0	4	165.09	0	0	0.00	0	0	0.00
Printings Artists	Keith Garletts	7	12	818.28	1	6	279.52	1	0	58.92
Printings Artists	JOCK	2	1	143.58	0	2	30.61	0	0	0.00
Printings Artists	Z. Plucinski & D. Alexander Gregory	0	1	14.76	0	0	0.00	0	0	0.00
Printings Artists	Charles Urbach	8	4	678.65	7	1	544.70	3	4	306.15
Printings Artists	Scott M. Fischer	79	65	7647.92	50	29	4315.74	30	20	2600.18
Printings Artists	Scott Bailey	11	2	889.50	8	3	645.55	7	1	540.70
Printings Artists	Larry MacDougall	15	11	1444.46	8	7	794.32	4	4	443.48
Printings Artists	Kekai Kotaki	15	6	1282.94	5	10	672.23	3	2	315.96
Printings Artists	Matt Stawicki	0	2	18.63	0	0	0.00	0	0	0.00
Printings Artists	Scott Altmann	4	6	419.79	0	4	136.59	0	0	0.00
Printings Artists	Brom	24	18	2249.30	12	12	1208.90	6	6	617.70
Printings Artists	Glenn Fabry	1	7	254.17	1	0	59.36	0	1	42.69
Printings Artists	William Wu	4	1	328.50	2	2	199.22	1	1	132.88
Printings Artists	Eric Velhagen	3	4	320.43	0	3	45.87	0	0	0.00
Printings Artists	Josh Hass	3	2	243.07	1	2	127.05	1	0	59.98
Printings Artists	Gerry Grace	2	17	552.56	0	2	85.97	0	0	0.00
Printings Artists	Edward P. “Feed Me” Beard, Jr.	0	1	31.72	0	0	0.00	0	0	0.00
Printings Artists	Craig Mullins	1	1	96.29	1	0	74.58	1	0	84.45
Printings Artists	Ron Spears & Wayne Reynolds	1	1	92.83	1	0	53.96	0	1	12.75
Printings Artists	rk post	61	54	5953.78	35	26	3209.69	15	20	1700.19
Printings Artists	Ji Yong	1	0	86.31	1	0	80.88	1	0	70.84
Printings Artists	Cliff Nielsen	1	9	333.16	0	1	23.61	0	0	0.00
Printings Artists	John Gallagher	1	2	127.71	0	1	14.86	0	0	0.00
Printings Artists	Jason A. Engle	18	21	1844.78	8	10	917.29	5	3	447.51
Printings Artists	Ryan Barger	28	20	2564.01	22	6	1805.84	12	10	1047.84
Printings Artists	Ironbrush	0	1	10.59	0	0	0.00	0	0	0.00
Printings Artists	Paul Chadwick	1	0	72.88	0	1	16.69	0	0	0.00
Printings Artists	Kevin Dobler	1	2	109.72	1	0	52.52	0	1	49.08
Printings Artists	Mark “It’s teh-DEEN” Tedin	0	1	32.60	0	0	0.00	0	0	0.00
Printings Artists	Andrew Murray	0	1	47.80	0	0	0.00	0	0	0.00
Printings Artists	David Horne	1	3	129.99	0	1	49.66	0	0	0.00
Printings Artists	Nicola Leonard	7	12	832.32	7	1	526.03	5	2	370.14
Printings Artists	NéNé Thomas &amp; Catherine Buck	0	1	11.88	0	0	0.00	0	0	0.00
Printings Artists	He Jiancheng	2	0	151.57	2	0	147.54	2	0	158.29
Printings Artists	Wang Yuqun	1	4	147.20	0	1	13.68	0	0	0.00
Printings Artists	Richard Thomas	17	27	1978.96	8	9	843.26	8	0	497.12
Printings Artists	Yang Hong	2	1	143.09	1	1	112.20	1	0	52.76
Printings Artists	Ciruelo	13	14	1232.11	4	9	554.03	2	2	182.02
Printings Artists	Jacques Bredy	0	1	26.90	0	0	0.00	0	0	0.00
Printings Artists	Hannibal King	11	16	1134.18	5	6	541.15	3	2	256.34
Printings Artists	Amy Weber	17	41	2183.43	11	8	1042.93	7	4	662.46
Printings Artists	Martina Pilcerova	30	28	3209.15	17	13	1668.36	11	6	1065.59
Printings Artists	Tomasz Jedruszek	35	25	3247.27	19	16	1722.78	11	8	1014.03
Printings Artists	Tomas Giorello	3	7	411.19	1	2	135.69	1	0	81.21
Printings Artists	Koji	1	1	76.95	0	1	25.18	0	0	0.00
Printings Artists	Matthew Mitchell	1	2	128.97	0	1	21.39	0	0	0.00
Printings Artists	Mitsuaki Sagiri	2	1	207.04	2	0	142.39	2	0	156.91
Printings Artists	Izzy	71	44	6544.08	51	20	4213.76	21	30	2259.67
Printings Artists	Efrem Palacios	5	8	559.32	2	3	235.95	1	1	80.76
Printings Artists	Mike Ploog	13	18	1371.01	4	9	554.32	2	2	186.16
Printings Artists	Richard Sardinha	11	6	931.07	5	6	480.53	0	5	112.05
Printings Artists	William Murai	2	2	166.08	2	0	135.33	1	1	91.36
Printings Artists	NéNé Thomas & Catherine Buck	0	1	11.88	0	0	0.00	0	0	0.00
Printings Artists	Claymore J. Flapdoodle	1	8	348.15	0	1	20.68	0	0	0.00
Printings Artists	Orizio Daniele	3	8	405.23	1	2	84.29	0	1	27.30
Printings Artists	Lars Grant-West	56	26	4732.22	29	27	2854.38	17	12	1563.43
Printings Artists	Eric Polak	0	3	99.28	0	0	0.00	0	0	0.00
Printings Artists	Heather “Erica Gassalasca-Jape” Hudson	0	1	32.37	0	0	0.00	0	0	0.00
Printings Artists	Jeff Nentrup	1	1	61.30	0	1	28.17	0	0	0.00
Printings Artists	James Bernardin	2	1	129.89	1	1	101.05	0	1	44.74
Printings Artists	Karl Kopinski	95	61	8917.92	59	36	5431.53	27	32	2756.54
Printings Artists	David O'Connor	5	6	643.74	3	2	286.11	3	0	222.14
Printings Artists	Cliff Childs	30	26	2984.89	19	11	1797.98	12	7	1187.56
Printings Artists	Alex Horley-Orlandelli	53	57	5422.44	15	38	2114.85	5	10	565.34
Printings Artists	Xu Tan	0	4	81.18	0	0	0.00	0	0	0.00
Printings Artists	David Monette	1	1	109.91	1	0	67.90	1	0	78.58
Printings Artists	Robert Bliss	8	7	829.87	4	4	411.44	3	1	270.05
Printings Artists	Randy Asplund-Faith	8	16	876.53	3	5	365.19	0	3	64.20
Printings Artists	Florian de Gesincourt	8	4	805.17	7	1	508.04	7	0	497.49
Printings Artists	Aaron Miller	21	13	1953.17	10	11	1082.82	5	5	442.80
Printings Artists	Todd Lockwood	48	24	4628.68	37	12	3151.46	23	14	2058.91
Printings Artists	Anthony S. Waters	60	43	5416.92	32	28	2849.36	18	14	1721.24
Printings Artists	Josu Hernaiz	8	5	716.24	1	7	231.11	1	0	55.84
Printings Artists	Titus Lunter	15	5	1174.54	10	5	858.50	5	5	555.17
Printings Artists	Zhao Dafu	1	5	177.06	0	1	28.25	0	0	0.00
Printings Artists	Howard Lyon	59	33	5338.15	36	23	3250.39	19	17	1826.22
Printings Artists	James Paick	40	24	3749.69	24	16	2330.82	19	5	1590.38
Printings Artists	Steve Luke	8	21	1124.12	5	3	436.88	2	3	203.74
Printings Artists	Sam Wolfe Connelly	4	2	378.06	2	2	197.19	2	0	153.86
Printings Artists	Junior Tomlin	0	4	145.88	0	0	0.00	0	0	0.00
Printings Artists	Eric David Anderson	1	2	146.36	1	0	73.10	0	1	35.83
Printings Artists	Hazeltine	3	4	287.31	2	2	220.75	2	0	138.90
Printings Artists	Stephan Martiniere	18	2	1514.77	11	7	986.40	9	2	770.15
Printings Artists	Mark Zug	93	55	8468.50	59	35	5302.29	32	27	3369.08
Printings Artists	Amy Weber &amp; Tom Wänerstrand	1	0	88.17	0	1	26.49	0	0	0.00
Printings Artists	Anna Steinbauer	7	7	710.60	5	2	381.51	2	3	256.72
Printings Artists	Jerry Tiritilli	18	17	1776.81	8	11	862.85	6	2	522.21
Printings Artists	Pat Lewis	1	1	97.51	0	1	29.25	0	0	0.00
Printings Artists	Alan Rabinowitz	22	22	2132.16	7	15	827.46	4	3	401.39
Printings Artists	NéNé Thomas	4	17	769.95	0	4	142.27	0	0	0.00
Printings Artists	Terese Nielsen & Thomas M. Baxa	0	1	28.50	0	0	0.00	0	0	0.00
Printings Artists	Tom Fleming	2	3	226.20	1	1	118.21	1	0	91.19
Printings Artists	Fred Hooper	2	2	211.84	0	2	30.23	0	0	0.00
Printings Artists	Geofrey Darrow	3	3	310.07	1	2	111.59	1	0	79.79
Printings Artists	Dennis Detwiller	0	13	436.83	0	0	0.00	0	0	0.00
Printings Artists	Justin Murray	2	0	157.67	2	0	172.08	2	0	108.52
Printings Artists	Adi Granov	4	1	319.81	2	2	186.63	2	0	123.67
Printings Artists	Nick Percival	5	8	626.22	2	3	176.18	0	2	87.07
Printings Artists	David Palumbo	38	38	3895.40	15	23	1747.04	5	10	662.03
Printings Artists	Andreas Rocha	5	0	300.53	2	3	185.81	1	1	84.69
Printings Artists	Ron Spencer	91	135	10355.64	40	53	4384.22	27	13	2262.21
Printings Artists	Steven Belledin	76	52	7338.30	48	28	4339.29	24	24	2515.15
Printings Artists	Warren Mahy	34	30	3197.95	18	16	1820.34	11	7	1000.41
Printings Artists	Huang Qishi	0	2	58.27	0	0	0.00	0	0	0.00
Printings Artists	E. M. Gist	3	8	470.75	0	3	54.88	0	0	0.00
Printings Artists	Christopher Rush	54	60	5471.08	23	31	2566.99	13	10	1372.35
Printings Artists	Anthony Francisco	23	13	2098.49	14	9	1252.37	9	5	816.65
Printings Artists	Jama Jurabaev	5	7	582.37	3	2	244.55	1	2	130.42
Printings Artists	Sam Burley	24	11	2048.54	16	9	1456.56	10	6	865.61
Printings Artists	Drew Tucker	17	33	1993.69	9	8	862.91	4	5	487.59
Printings Artists	Michael C. Hayes	11	12	1137.81	4	7	514.30	3	1	182.55
Printings Artists	Jeremy Jarvis & Wayne Reynolds	0	1	30.34	0	0	0.00	0	0	0.00
Printings Artists	Ben Thompson	31	36	3318.64	19	12	1600.99	13	6	1039.77
Printings Artists	Raymond Swanland	94	43	8442.33	55	39	5204.96	29	26	2810.61
Printings Artists	Cris Dornaus	1	0	53.11	0	1	30.85	0	0	0.00
Printings Artists	Jeff Laubenstein	11	13	1143.54	6	5	524.68	3	3	276.07
Printings Artists	Erica Yang	24	16	2222.69	12	12	1246.30	6	6	618.03
Printings Artists	Ted Galaday	2	0	147.47	1	1	96.06	1	0	61.38
Printings Artists	John Malloy	1	1	104.13	0	1	36.28	0	0	0.00
Printings Artists	Lars Grant-“Wild Wild”-West	0	1	29.68	0	0	0.00	0	0	0.00
Printings Artists	Michael Komarck	35	12	3098.15	31	4	2474.94	20	11	1862.50
Printings Artists	Mathias Kollros	34	25	2988.14	13	21	1529.33	7	6	623.63
Printings Artists	Alan “Don't Feel Like You Have to Pick Me” Pollack	0	1	30.46	0	0	0.00	0	0	0.00
Printings Artists	Jason Felix	49	31	4584.09	27	22	2562.41	12	15	1220.78
Printings Artists	Kirsten Zirngibl	2	0	136.17	2	0	148.42	2	0	148.29
Printings Artists	Daniel R. Horne	0	1	35.02	0	0	0.00	0	0	0.00
Printings Artists	Mike Sass	10	5	851.66	3	7	325.34	2	1	172.77
Printings Artists	Mark Harrison	1	2	150.43	1	0	85.32	1	0	94.09
Printings Artists	Dan Frazier	60	86	6611.50	29	35	3028.03	16	13	1540.13
Printings Artists	Winona Nelson	40	29	3853.05	20	21	1964.54	6	14	916.54
Printings Artists	Massimilano Frezzato	4	5	423.09	1	3	184.64	1	0	81.95
Printings Artists	Eric Fortune	10	5	926.96	6	5	564.36	5	1	386.90
Printings Artists	Jock	2	0	151.92	2	0	138.82	2	0	160.38
Printings Artists	Arnie Swekel	31	47	3399.40	11	20	1344.95	2	9	383.22
Printings Artists	Corey D. Macourek	0	4	128.52	0	0	0.00	0	0	0.00
Printings Artists	Glen Angus & Arnie Swekel	1	0	83.43	1	0	67.27	1	0	73.61
Printings Artists	Marc Simonetti	3	4	317.22	3	0	242.87	2	1	147.43
Printings Artists	Gary Gianni	1	1	79.54	0	1	10.36	0	0	0.00
Printings Artists	Sandra Everingham	18	22	1737.29	9	9	865.01	9	0	647.89
Printings Artists	Sara Winters	2	1	169.62	0	2	22.86	0	0	0.00
Printings Artists	Jim “Stop the Da Vinci Beatdown” Pavelec	0	1	32.60	0	0	0.00	0	0	0.00
Printings Artists	Allen Williams	18	10	1570.54	10	8	961.18	6	4	539.38
Printings Artists	Shang Huitong	2	1	134.36	0	2	21.15	0	0	0.00
Printings Artists	Svetlin Velinov	84	62	8103.81	49	35	4592.28	26	23	2632.21
Printings Artists	Jesper Myrfors	29	25	2821.26	18	11	1707.79	14	4	1143.27
Printings Artists	Dallas Williams	1	1	101.16	1	0	66.98	1	0	66.73
Printings Artists	Marcelo Vignali	1	6	244.41	1	0	98.23	1	0	80.02
Printings Artists	Vance Kovacs	32	14	2864.00	19	13	1720.48	7	12	848.15
Printings Artists	Maciej Kuciara	7	4	637.44	5	2	388.31	3	2	238.76
Printings Artists	Cyril Van Der Haegen	26	13	2229.45	15	11	1444.95	9	6	816.92
Printings Artists	Esad Ribic	1	0	80.72	1	0	87.88	1	0	77.92
Printings Artists	Wayne “King of” England	1	0	53.03	0	1	31.40	0	0	0.00
Printings Artists	Kevin Murphy	0	2	76.33	0	0	0.00	0	0	0.00
Printings Artists	Qi Baocheng	1	6	265.66	0	1	16.61	0	0	0.00
Printings Artists	Phill Simmer	4	6	452.57	1	3	166.61	1	0	51.68
Printings Artists	Véronique Meignaud	13	4	1047.55	10	3	880.79	7	3	589.43
Printings Artists	Daarken	97	53	9084.97	61	37	5648.22	34	27	3196.73
Printings Artists	Parente &amp; Brian Snoddy	1	0	63.07	0	1	37.73	0	0	0.00
Printings Artists	Michael Weaver	3	2	237.05	0	3	133.24	0	0	0.00
Printings Artists	Bryan Talbot	4	4	398.47	2	2	182.71	0	2	61.45
Printings Artists	Dana Knutson	6	15	765.79	4	2	312.09	2	2	218.30
Printings Artists	Trevor Claxton	32	10	2587.28	18	14	1632.16	9	9	856.41
Printings Artists	Jasper Sandner	9	3	707.12	5	4	417.94	1	4	180.31
Printings Artists	Michael Bruinsma	8	2	647.13	5	3	455.25	4	1	311.54
Printings Artists	James Ernest	0	1	22.01	0	0	0.00	0	0	0.00
Printings Artists	Thomas Denmark	7	5	544.94	3	4	306.54	0	3	129.05
Printings Artists	Jeffrey R. Busch	2	8	333.88	0	2	32.92	0	0	0.00
Printings Artists	Michael Danza	1	2	139.34	1	0	67.99	1	0	69.83
Printings Artists	Mark Rosewater	1	0	50.18	0	1	21.64	0	0	0.00
Printings Artists	Sean McConnell	0	1	33.05	0	0	0.00	0	0	0.00
Printings Artists	Kieran Yanner	26	24	2599.83	17	9	1463.50	10	7	941.45
Printings Artists	Miles Johnston	2	0	165.84	1	1	90.67	0	1	11.76
Printings Artists	Adrian Smith	12	15	1313.44	8	4	672.51	4	4	411.03
Printings Artists	Bradley Williams	14	25	1514.57	2	12	450.94	1	1	71.55
Printings Artists	Eric Peterson	29	40	3306.77	13	16	1343.01	5	8	675.88
Printings Artists	jD	6	1	509.18	3	3	287.20	3	0	195.67
Printings Artists	Greg “Six-Pack” Staples	1	0	64.50	0	1	28.70	0	0	0.00
Printings Artists	Jana Schirmer & Johannes Voss	8	4	758.91	7	1	614.44	6	1	499.09
Printings Artists	Brian Hagan	3	1	244.07	0	3	98.79	0	0	0.00
Printings Artists	Song Shikai	1	3	146.40	0	1	38.19	0	0	0.00
Printings Artists	Greg &amp; Tim Hildebrandt	7	4	578.84	3	4	336.83	2	1	173.11
Printings Artists	Yeong-Hao Han	31	24	2952.36	22	10	2052.19	17	5	1341.41
Printings Artists	Gao Yan	6	4	578.37	5	1	342.23	2	3	202.79
Printings Artists	Philip Straub	10	4	823.92	5	5	494.10	2	3	232.65
Printings Artists	Harold McNeill	10	16	1027.23	5	6	588.17	3	2	306.25
Printings Artists	Matt Stewart	74	50	7056.81	39	36	3822.78	18	21	1912.67
Printings Artists	John Stanko	18	21	1923.20	9	9	858.12	7	2	568.62
Printings Artists	D. Alexander Gregory	35	50	3798.99	20	16	2023.82	9	11	1001.14
Printings Artists	Clint Langley	4	4	356.32	2	2	224.41	1	1	135.88
Printings Artists	Thomas Manning	0	1	48.62	0	0	0.00	0	0	0.00
Printings Artists	Bastien L. Deharme	10	6	938.71	4	6	488.42	2	2	212.57
Printings Artists	Kaja & Phil Foglio	1	0	92.28	1	0	87.59	1	0	73.43
Printings Artists	Lius Lasahido	13	16	1474.53	8	5	716.54	4	4	438.69
Printings Artists	Kev Walker	230	152	21051.87	122	109	12186.89	80	42	6845.78
Printings Artists	Jeff Remmer	0	2	34.10	0	0	0.00	0	0	0.00
Printings Artists	William O'Connor	7	11	761.49	0	7	212.59	0	0	0.00
Printings Artists	Ralph Horsley	35	21	3148.10	14	21	1627.60	5	9	675.66
Printings Artists	Terese Nielsen &amp; Ron Spencer	4	1	350.16	2	2	208.27	0	2	60.21
Printings Artists	Mark Tedin	97	93	9695.65	75	25	6074.40	45	30	4077.01
Printings Artists	Tristan Elwell	3	1	251.79	3	0	204.30	3	0	232.27
Printings Artists	Chen Weidong	0	4	54.94	0	0	0.00	0	0	0.00
Printings Artists	Lucas Graciano	33	19	3040.94	16	17	1614.63	11	5	930.81
Printings Artists	Edward P. Beard, Jr. & Anthony S. Waters	1	0	61.24	1	0	71.29	1	0	58.51
Printings Artists	Matthew D. Wilson	36	23	3216.81	18	18	1882.80	8	10	825.80
Printings Artists	Chippy	63	45	6080.21	40	24	3720.58	20	20	2090.38
Printings Artists	Gary Leach	7	14	804.51	2	5	284.28	1	1	129.61
Printings Artists	Terese Nielsen & Philip Tan	1	1	86.05	1	0	89.40	0	1	44.70
Printings Artists	Michael Phillippi	4	9	619.01	3	1	216.94	2	1	175.57
Printings Artists	Anastasia Ovchinnikova	12	12	1255.02	7	5	624.24	3	4	297.18
Printings Artists	Quan Xuejun	0	4	121.69	0	0	0.00	0	0	0.00
Printings Artists	Sean Murray	1	0	82.88	0	1	18.80	0	0	0.00
Printings Artists	Lake Hurwitz	20	12	1746.53	12	8	1004.07	4	8	487.85
Printings Artists	Dylan Martens	1	1	85.48	1	0	61.48	1	0	68.57
Printings Artists	Rebekah Lynn	1	0	80.29	0	1	27.62	0	0	0.00
Printings Artists	Franz Vohwinkel	57	47	5296.25	30	29	2888.03	21	9	1783.89
Printings Artists	Rick Farrell	2	2	234.67	2	0	158.99	2	0	124.91
Printings Artists	Tim Hildebrandt	22	19	2151.88	12	10	1006.47	8	4	618.53
Printings Artists	James Kei	2	1	179.63	0	2	54.60	0	0	0.00
Printings Artists	David Ho	0	1	12.95	1	0	78.80	1	0	75.39
Printings Artists	Pat Lee	6	5	542.05	1	5	249.57	1	0	62.53
Printings Artists	Steve Prescott	94	67	8810.32	49	46	5035.42	23	26	2343.82
Printings Artists	Paolo “That's Actually Me” Parente	0	1	22.86	0	0	0.00	0	0	0.00
Printings Artists	Daniel Ljunggren	56	47	5560.69	36	20	3182.58	21	15	2049.22
Printings Artists	John Coulthart	7	16	898.81	1	6	257.00	1	0	91.19
Printings Artists	Jung Park	32	17	2906.17	23	9	2020.17	12	11	1229.88
Printings Artists	Noah Bradley	41	11	3262.56	30	11	2492.05	21	9	1772.29
Printings Artists	Matt “I'm Your Boy” Cavotta	0	1	32.29	0	0	0.00	0	0	0.00
Printings Artists	Anthony Jones	2	2	207.62	2	0	164.58	2	0	172.26
Printings Artists	Brad Rigney	16	8	1486.32	14	2	1038.30	10	4	815.22
Printings Artists	Omaha Perez	0	1	23.77	0	0	0.00	0	0	0.00
Printings Artists	Ben Maier	3	7	314.14	0	3	78.75	0	0	0.00
Printings Artists	Stephen Daniele	10	17	1321.44	9	3	789.09	8	1	581.73
Printings Artists	Sun Nan	1	2	96.60	1	0	66.71	0	1	33.54
Printings Artists	Wayne England	51	59	5107.01	26	25	2451.31	11	15	1238.26
Printings Artists	David Day	3	3	341.78	3	0	197.04	1	2	154.96
Printings Artists	Randy Gallegos	63	82	6681.32	30	33	2954.09	15	15	1400.59
Printings Artists	Magali Villeneuve	29	14	2622.11	15	14	1491.73	12	3	919.06
Printings Artists	Solomon Au Yeung	2	1	150.93	0	2	34.02	0	0	0.00
Printings Artists	Brian Horton	2	2	196.24	1	1	94.46	1	0	58.03
Printings Artists	Martin McKenna	1	4	172.70	0	1	26.43	0	0	0.00
Printings Artists	Scott Murphy	9	11	1016.32	6	3	521.22	5	1	323.36
Printings Artists	Edward P. Beard, Jr.	50	67	5138.85	26	24	2478.88	15	11	1382.49
Printings Artists	Andi Rusu	4	10	548.86	1	3	174.19	0	1	29.27
Printings Artists	Yang Guangmai	2	1	148.82	0	2	27.00	0	0	0.00
Printings Artists	Julie Baroh	6	17	890.34	5	2	440.16	2	3	253.89
Printings Artists	Clyde Caldwell	3	3	325.22	2	1	162.64	1	1	62.94
Printings Artists	Jason Kang	4	7	448.23	2	2	208.78	1	1	127.52
Printings Artists	Qu Xin	1	5	197.54	1	0	50.23	0	1	38.24
Printings Artists	Charles Gillespie	8	11	889.27	5	3	431.22	2	3	247.90
Printings Artists	Jeremy Enecio	5	0	348.73	4	1	287.58	3	1	251.32
Printings Artists	Nelson DeCastro	4	11	569.64	1	3	152.23	1	0	71.92
Printings Artists	James Wong	3	0	206.53	2	1	211.20	0	2	88.53
Printings Artists	Ulrich Brunin	1	0	50.90	1	0	79.35	0	1	40.61
Printings Artists	Alan Pollack	59	73	6238.93	25	34	2769.22	12	13	1270.07
Printings Artists	Yohann Schepacz	11	4	926.72	7	4	612.09	4	3	424.90
Printings Artists	Chris J. Anderson	1	1	118.40	1	0	59.50	1	0	57.37
Printings Artists	Li Tie	0	4	72.86	1	0	69.61	1	0	84.81
Printings Artists	Torstein Nordstrand	1	5	221.67	0	1	30.28	0	0	0.00
Printings Artists	Nic Klein	9	11	964.82	3	6	367.84	0	3	127.40
Printings Artists	Liu Jianjian	0	2	19.63	0	0	0.00	0	0	0.00
Printings Artists	Hugh Jamieson	4	6	373.63	2	2	245.32	2	0	141.56
Printings Artists	Zak Plucinski	1	6	185.28	0	1	5.22	0	0	0.00
Printings Artists	Lubov	2	3	180.40	2	0	132.08	1	1	117.46
Printings Artists	Kensuke Okabayashi	1	6	232.24	0	1	26.89	0	0	0.00
Printings Artists	DiTerlizzi	29	57	3414.15	14	15	1400.04	7	7	745.03
Printings Artists	Lou Harrison	0	1	12.91	0	0	0.00	0	0	0.00
Printings Artists	George Pratt	6	8	624.74	2	4	281.89	1	1	112.89
Printings Artists	Allan Pollack	2	0	130.11	1	1	107.69	0	1	36.11
Printings Artists	William Simpson	7	4	478.24	3	4	326.03	0	3	107.07
Printings Artists	Jeff A. Menges	23	28	2283.74	10	14	1075.10	7	3	633.52
Printings Artists	BD	0	1	13.83	0	0	0.00	0	0	0.00
Printings Artists	Ian Edward Ameling	1	0	86.05	0	1	23.26	0	0	0.00
Printings Artists	Evkay Alkerway	0	1	32.80	0	0	0.00	0	0	0.00
Printings Artists	Ted Naifeh	0	11	264.12	0	0	0.00	0	0	0.00
Printings Artists	Bryon Wackwitz	7	13	841.62	4	3	381.30	4	0	268.24
Printings Artists	Henry G. Higgenbotham	1	2	163.47	2	0	157.48	2	0	171.23
Printings Artists	Li Youliang	1	2	130.39	0	1	9.18	0	0	0.00
Printings Artists	J. W. Frost	1	0	85.09	1	0	66.33	1	0	82.35
Printings Artists	D. J. Cleland-Hura	5	5	551.96	5	0	389.60	5	0	374.63
Printings Artists	Mark Hyzer	5	6	637.29	2	3	279.51	2	0	142.71
Printings Artists	Ron Brown	2	4	272.38	1	1	63.21	1	0	52.19
Printings Artists	Steve White	5	9	637.57	3	2	255.88	1	2	124.11
Printings Artists	Lindsey Look	8	5	775.67	5	3	454.21	3	2	285.49
Printings Artists	Julie Dillon	1	1	82.54	1	0	61.40	0	1	16.51
Printings Artists	Greg & Tim Hildebrandt	24	37	2556.39	9	15	1086.91	6	3	540.29
Printings Artists	Miao Aili	1	2	148.11	1	0	50.98	0	1	33.59
Printings Artists	Cos Koniotis	1	3	153.96	0	1	5.16	0	0	0.00
Printings Artists	Jean-Sébastien Rossbach	8	1	608.00	4	4	398.29	2	2	200.71
Printings Artists	Anthony Waters	3	10	417.97	0	3	74.75	0	0	0.00
Printings Artists	Tom Babbey	0	1	43.73	0	0	0.00	0	0	0.00
Printings Artists	Tommy Arnold	2	1	179.53	2	0	136.03	1	1	116.98
Printings Artists	Stephanie Law	3	0	208.06	1	2	107.78	0	1	20.84
Printings Artists	Ben Wootten	1	0	88.58	1	0	92.48	0	1	21.51
Printings Artists	David Seguin	2	0	117.49	0	2	65.65	0	0	0.00
Printings Artists	Michael Whelan	0	1	37.20	0	0	0.00	0	0	0.00
Printings Artists	Richard Whitters	4	4	422.38	2	2	162.13	1	1	86.90
Printings Artists	Michael Ryan	1	2	106.08	1	0	79.86	0	1	25.68
Printings Artists	Amy Weber & Tom Wänerstrand	1	0	88.17	0	1	26.49	0	0	0.00
Printings Artists	Tyler Jacobson	44	15	3899.87	30	14	2669.47	15	15	1566.86
Printings Artists	Yang Jun Kwon	2	3	193.09	0	2	52.95	0	0	0.00
Printings Artists	Dom!	1	3	173.27	1	0	80.83	1	0	88.77
Printings Artists	Aaron Boyd	1	4	136.67	1	0	62.25	0	1	33.29
Printings Artists	Doug Keith	3	1	277.35	2	1	162.52	0	2	66.33
Printings Artists	Shelly Wan	10	8	1024.30	6	4	497.75	4	2	377.65
Printings Artists	Khang Le	1	3	196.93	1	0	53.98	0	1	43.42
Printings Artists	Marc Fishman	4	9	423.37	2	2	202.28	1	1	79.98
Printings Artists	Dermot Power	11	11	1029.28	7	4	639.16	6	1	459.12
Printings Artists	Matt Cavotta &amp; Richard Whitters	0	1	40.92	0	0	0.00	0	0	0.00
Printings Artists	Ku Xueming	1	1	99.78	1	0	66.33	1	0	82.35
Printings Artists	Paolo Parente	57	95	6654.33	27	30	2688.26	9	18	1118.58
Printings Artists	Diana Vick	0	1	11.00	0	0	0.00	0	0	0.00
Printings Artists	Thomas M. Baxa	47	62	5122.04	21	26	2253.80	7	14	916.95
Printings Artists	Min Yum	28	19	2643.00	15	13	1610.33	10	5	859.61
Printings Artists	Tony Szczudlo	32	40	3356.09	16	16	1599.15	9	7	868.10
Printings Artists	Justin Sweet	33	32	3158.14	18	15	1727.57	7	11	818.98
Printings Artists	Zoltan Boros	40	27	3867.46	25	15	2282.35	16	9	1264.54
Printings Artists	Li Yousong	2	2	170.88	0	2	61.58	0	0	0.00
Printings Artists	Jeff Reitz	0	1	49.77	0	0	0.00	0	0	0.00
Printings Artists	Scott Hampton	8	10	903.36	5	3	415.98	2	3	207.72
Printings Artists	Greg Hildebrandt	36	33	3436.20	15	21	1792.34	9	6	863.97
Printings Artists	Rebecca “Don't Mess with Me” Guay	1	0	65.47	0	1	39.67	0	0	0.00
Printings Artists	D. Alexander Gregory & Jeremy Jarvis	1	0	93.71	1	0	91.25	1	0	69.33
Printings Artists	Patrick Faricy	1	2	122.93	1	0	83.62	1	0	80.74
Printings Artists	Stuart Beel	0	2	56.44	0	0	0.00	0	0	0.00
Printings Artists	Jiaming	0	4	101.91	0	0	0.00	0	0	0.00
Printings Artists	Ron Walotsky	2	2	218.01	1	1	100.89	1	0	76.34
Printings Artists	Douglas Shuler	44	75	5244.74	27	17	2338.79	13	14	1449.39
Printings Artists	Matt Thompson	10	13	990.16	4	6	480.11	1	3	161.47
Printings Artists	Karla Ortiz	11	6	1028.43	9	2	787.11	5	4	482.62
Printings Artists	Liu Shangying	1	2	132.87	0	1	22.39	0	0	0.00
Printings Artists	Johann Bodin	40	33	3626.70	22	18	2095.28	9	13	1064.69
Printings Artists	John Severin Brassell	13	9	1148.50	11	2	790.93	5	6	506.44
Printings Artists	NéNé Thomas & Phillip Mosness	0	1	48.24	0	0	0.00	0	0	0.00
Printings Artists	Mark Evans	1	1	117.84	0	1	40.76	0	0	0.00
Printings Artists	Ioan Dumitrescu	1	0	63.01	0	1	45.29	0	0	0.00
Printings Artists	Trevor Hairsine	20	6	1576.03	9	11	969.02	3	6	386.04
Printings Artists	Inoue Junichi	0	3	77.85	0	0	0.00	0	0	0.00
Printings Artists	Luca Zontini	34	29	3100.52	13	21	1351.17	7	6	664.35
Printings Artists	Tianhua X	4	0	272.61	2	2	162.18	1	1	116.57
Printings Artists	Mike Kerr	4	1	326.67	1	3	127.89	1	0	55.72
Printings Artists	Shishizaru	13	11	1160.28	6	7	615.97	2	4	269.64
Printings Artists	Paolo Parente & Brian Snõddy	1	0	63.07	0	1	37.73	0	0	0.00
Printings Artists	Kaja Foglio	27	33	2842.10	16	12	1620.17	12	4	987.56
Printings Artists	Tom Kyffin	5	11	590.90	3	2	260.36	2	1	161.52
Printings Artists	Sam Wood	10	8	933.67	4	6	480.31	3	1	222.41
Printings Artists	Chris Rallis	20	19	2014.69	9	11	937.09	1	8	226.99
Printings Artists	Greg Spalenka	3	2	285.58	0	3	96.04	0	0	0.00
Printings Artists	John Howe	3	9	477.30	2	1	188.20	0	2	71.21
Printings Artists	Peter Mohrbacher	33	14	3025.28	19	14	1947.37	11	8	1083.63
Printings Artists	Aleksi Briclot	57	19	5218.74	46	11	3900.53	34	12	2984.58
Printings Artists	Bob Eggleton	12	6	1082.39	7	5	624.49	2	5	302.56
Printings Artists	Mike Kimble	4	15	593.92	0	4	91.54	0	0	0.00
Printings Artists	Whit Brachna	8	1	594.46	4	4	379.65	3	1	224.38
Printings Artists	Brandon Kitkouski	22	11	1862.94	9	13	872.60	6	3	551.90
Printings Artists	Terry Springer	3	0	249.76	3	0	216.90	3	0	245.30
Printings Artists	Ariel Olivetti	2	0	163.70	1	1	112.10	1	0	76.63
Printings Artists	G. Darrow & I. Rabarot	2	4	265.73	1	1	119.80	1	0	79.79
Printings Artists	Fred Rahmqvist	1	0	78.29	0	1	21.05	0	0	0.00
Printings Artists	Darek Zabrocki	7	4	582.24	3	4	383.13	0	3	95.15
Printings Artists	Victor Adame Minguez	14	7	1236.31	10	4	865.64	7	3	489.15
Printings Artists	Goran Josic	5	5	452.93	3	2	286.41	3	0	196.73
Printings Artists	Qin Jun	1	0	81.81	1	0	74.58	1	0	84.45
Printings Artists	Robh Ruppel	1	4	174.07	0	1	16.47	0	0	0.00
Printings Artists	Liz Danforth	9	22	1244.35	4	5	411.75	2	2	193.78
Printings Artists	Paul Lee	3	0	217.91	1	2	111.64	1	0	67.87
Printings Artists	Joel Thomas	5	7	502.10	2	3	197.51	1	1	124.85
Printings Artists	Jack Wei	2	1	149.59	1	1	118.23	1	0	51.29
Printings Artists	Kerstin Kaman	0	3	106.83	0	0	0.00	0	0	0.00
Printings Artists	Hiro Izawa	2	0	164.33	1	1	110.62	0	1	36.07
Printings Artists	Joshua Hagler	3	4	306.37	0	3	68.33	0	0	0.00
Printings Artists	Justin Norman	1	1	87.48	0	1	20.14	0	0	0.00
Printings Artists	Mark Winters	18	18	1859.23	10	8	930.13	4	6	498.11
Printings Artists	Colin MacNeil	6	6	569.72	2	4	259.91	2	0	166.17
Printings Artists	Rogério Vilela	0	2	20.78	0	0	0.00	0	0	0.00
Printings Artists	Doug Chaffee	21	26	2102.78	9	12	917.03	3	6	444.93
Printings Artists	Wang Chuxiong	1	0	83.02	1	0	86.27	1	0	84.66
Printings Artists	Iain McCaig	3	6	403.56	2	1	164.93	1	1	88.31
Printings Artists	Zoltan Boros & Gabor Szikszai	53	19	4278.92	31	22	2973.15	19	12	1689.30
Printings Artists	William Donohoe	2	1	145.65	1	1	77.78	0	1	41.44
Printings Artists	Chippy & Matthew Wilson	0	3	104.23	0	0	0.00	0	0	0.00
Printings Artists	Dameon Willich	10	16	1155.10	3	7	499.54	2	1	197.77
Printings Artists	Ai Desheng	3	3	260.95	0	3	88.57	0	0	0.00
Printings Artists	Parente & Brian Snõddy	1	0	63.07	0	1	37.73	0	0	0.00
Printings Artists	Jen Page	1	0	64.63	1	0	55.78	0	1	30.05
Printings Artists	Ron Spears	57	47	5401.70	30	27	3064.07	21	9	1805.79
Printings Artists	Hong Yan	0	3	72.62	0	0	0.00	0	0	0.00
Printings Artists	Nottsuo	8	5	743.89	3	6	444.11	2	1	184.01
Printings Artists	Jose Cabrera	0	2	66.76	0	0	0.00	0	0	0.00
Printings Artists	Ryan Yee	37	17	3129.55	22	15	2061.67	16	6	1218.61
Printings Artists	Eric Deschamps	83	24	7268.38	64	19	5362.14	40	24	3623.22
Printings Artists	Qiao Dafu	2	5	257.55	1	1	88.43	0	1	40.97
Printings Artists	Randy Elliott	2	16	600.67	0	2	78.94	0	0	0.00
Printings Artists	Hideaki Takamura	13	14	1437.57	8	5	709.26	6	2	411.21
Printings Artists	Christopher Burdett	1	8	213.28	0	1	14.16	0	0	0.00
Printings Artists	Alton Lawson	1	0	79.33	0	1	10.38	0	0	0.00
Printings Artists	Richard Wright	21	13	1997.67	13	8	1206.00	8	5	802.72
Printings Artists	Patrick Ho	1	3	116.25	0	1	31.44	0	0	0.00
Printings Artists	Clint Cearley	50	24	4364.37	24	26	2419.96	12	12	1206.74
Printings Artists	Vincent Evans	1	3	176.72	1	0	68.09	0	1	13.67
Printings Artists	Scott Kirschner	16	25	1776.28	10	6	827.11	4	6	432.87
Printings Artists	Henry Van Der Linde	2	5	253.01	0	2	56.16	0	0	0.00
Printings Artists	Evan Shipard	4	4	458.40	1	3	196.11	0	1	36.20
Printings Artists	Larry Elmore	3	6	403.83	2	1	184.09	2	0	155.50
Printings Artists	Slawomir Maniak	60	39	5575.40	32	28	3113.19	16	16	1723.11
Printings Artists	Brynn Metheney	1	0	77.11	1	0	76.23	0	1	49.84
Printings Artists	Efflam Mercier	0	2	55.20	0	0	0.00	0	0	0.00
Printings Artists	Ray Lago	10	17	1118.79	3	7	422.11	3	0	190.27
Printings Artists	Raf Sarmento	1	2	155.85	1	0	89.17	1	0	69.89
Printings Artists	Yefim Kligerman	4	2	376.96	1	3	178.93	0	1	39.98
Printings Artists	Ron Chironna	2	2	209.77	1	1	74.70	0	1	46.38
Printings Artists	Zhao Tan	1	1	93.64	0	1	25.17	0	0	0.00
Printings Artists	Dave DeVries	1	1	96.43	1	1	103.40	1	0	86.28
Printings Artists	Erica Gassalasca-Jape	2	0	115.69	0	2	25.13	0	0	0.00
Printings Artists	Rob Alexander	93	51	8280.42	63	31	5487.26	40	23	3303.70
Printings Artists	Darbury Stenderu	0	1	45.32	0	0	0.00	0	0	0.00
Printings Artists	Deruchenko Alexander	10	8	992.99	5	5	501.78	2	3	214.94
Printings Artists	Robbie Trevino	4	5	413.83	3	1	289.20	1	2	162.85
Printings Artists	L. A. Williams	11	17	1160.78	5	6	507.96	3	2	303.94
Printings Artists	Scott Chou	29	27	2878.76	15	14	1537.89	8	7	830.92
Printings Artists	April Lee	3	0	263.03	3	0	251.61	3	0	211.13
Printings Artists	Marco Nelor	18	10	1559.73	8	10	828.60	6	2	459.70
Printings Artists	Jason Chan	62	12	5336.39	45	17	4178.08	38	7	2902.13
Printings Artists	Ron Lemen	0	1	23.91	0	0	0.00	0	0	0.00
Printings Artists	John Matson	47	59	4671.40	17	30	2100.16	12	5	941.84
Printings Artists	James Zapata	10	6	829.99	4	6	518.23	3	1	227.59
Printings Artists	Craig J Spearing	15	16	1516.26	6	9	669.42	4	2	380.66
Printings Artists	Jon Foster	12	7	1168.52	6	6	613.53	3	3	299.80
Printings Artists	spork;	1	0	51.11	0	1	48.42	0	0	0.00
Card Sets/Printings	CPK	12	0	987.01	8	4	748.23	7	1	543.77
Card Sets/Printings	V09	13	0	1117.48	13	2	1160.12	13	0	985.42
Card Sets/Printings	PO2	45	110	5731.30	19	26	2183.02	14	5	1127.61
Card Sets/Printings	MRD	172	119	15878.14	100	72	8970.67	52	48	5001.82
Card Sets/Printings	DRK	32	87	4733.59	15	17	1424.51	7	8	798.50
Card Sets/Printings	BOK	71	94	7796.27	26	45	3199.73	16	10	1280.94
Card Sets/Printings	EXP	43	2	3364.41	39	4	3087.64	33	6	2524.23
Card Sets/Printings	DKA	84	74	8226.51	49	35	4578.68	28	21	2660.45
Card Sets/Printings	pWOR	1	0	77.02	0	1	30.31	0	0	0.00
Card Sets/Printings	pWOS	1	0	92.82	1	0	52.54	1	0	91.04
Card Sets/Printings	MIR	127	206	14398.74	56	73	5796.79	26	30	2817.20
Card Sets/Printings	HML	18	97	3988.18	3	15	582.49	3	0	209.69
Card Sets/Printings	VMA	224	90	19795.47	185	50	15698.77	143	42	12042.16
Card Sets/Printings	JOU	90	75	8613.87	41	49	4234.67	20	21	2140.79
Card Sets/Printings	RAV	174	117	16141.01	90	84	9223.64	44	46	4443.60
Card Sets/Printings	SOM	131	103	12538.03	76	55	6910.34	45	31	3961.95
Card Sets/Printings	pPRE	220	57	18979.13	152	68	13401.91	92	60	8291.56
Card Sets/Printings	WTH	63	104	7155.17	31	32	2940.00	15	16	1512.24
Card Sets/Printings	pPRO	5	0	433.26	5	0	391.61	4	1	313.29
Card Sets/Printings	8ED	169	173	17091.91	103	66	9541.97	66	37	5757.91
Card Sets/Printings	pREL	9	4	804.27	9	0	642.76	5	4	540.32
Card Sets/Printings	pMPR	50	3	4058.92	44	6	3611.60	34	10	2981.97
Card Sets/Printings	LEA	146	134	14814.90	110	46	9742.25	88	22	7393.18
Card Sets/Printings	pCMP	11	1	1001.09	10	1	842.23	8	2	651.91
Card Sets/Printings	CHK	147	143	14603.16	66	82	7191.72	34	32	3524.93
Card Sets/Printings	THS	131	103	12749.55	76	55	7198.22	40	36	4131.57
Card Sets/Printings	LEB	148	134	14962.63	111	47	9858.30	89	22	7476.71
Card Sets/Printings	SHM	164	122	15697.89	87	77	8168.38	43	44	4277.41
Card Sets/Printings	CHR	44	72	5228.29	25	19	2296.99	14	11	1308.75
Card Sets/Printings	TPR	134	120	12731.10	80	54	7436.61	53	27	4462.06
Card Sets/Printings	GPT	85	80	8464.59	48	37	4432.92	23	25	2332.26
Card Sets/Printings	BFZ	134	120	12868.24	66	68	6323.93	33	33	3129.28
Card Sets/Printings	BNG	82	83	8255.96	31	51	3825.76	11	20	1332.59
Card Sets/Printings	NPH	102	68	9789.52	61	41	5939.77	29	32	3240.86
Card Sets/Printings	pGTW	17	3	1450.68	16	1	1248.96	7	9	789.62
Card Sets/Printings	RQS	29	25	2727.37	17	12	1575.66	11	6	1017.43
Card Sets/Printings	W16	10	6	984.27	8	2	574.97	6	2	466.70
Card Sets/Printings	VIS	64	103	7287.86	24	40	2896.82	14	10	1342.25
Card Sets/Printings	APC	75	67	7239.13	39	37	3870.97	23	16	2060.31
Card Sets/Printings	DTK	117	137	12538.29	65	52	6183.65	36	29	3469.06
Card Sets/Printings	FUT	132	48	10966.38	80	52	7253.31	43	37	4102.02
Card Sets/Printings	PCY	44	99	5360.41	16	28	1840.29	6	10	596.15
Card Sets/Printings	EMA	196	53	16804.50	137	59	12523.75	102	35	8995.56
Card Sets/Printings	pWPN	23	20	2421.53	15	8	1427.59	9	6	806.67
Card Sets/Printings	5ED	183	251	19917.62	100	83	9667.63	69	31	5962.84
Card Sets/Printings	CMD	242	60	20332.76	157	86	14273.87	94	63	8907.17
Card Sets/Printings	TSB	81	40	7208.86	56	25	4853.82	32	24	2946.11
Card Sets/Printings	EVE	110	70	10052.66	58	52	5544.94	29	29	3036.89
Card Sets/Printings	EVG	37	19	3321.48	26	11	2250.06	13	13	1408.89
Card Sets/Printings	3ED	147	147	15309.07	97	52	8939.03	78	19	6497.84
Card Sets/Printings	PCA	100	36	8764.36	63	37	5738.48	34	29	3319.18
Card Sets/Printings	TSP	178	107	16215.30	107	72	9643.96	54	53	5483.23
Card Sets/Printings	CED	148	134	14962.63	111	47	9858.30	89	22	7476.71
Card Sets/Printings	PTK	50	119	6348.82	18	33	2042.37	13	5	1107.46
Card Sets/Printings	JUD	65	78	6544.10	26	39	3120.62	13	13	1297.81
Card Sets/Printings	UGL	25	62	3766.09	8	17	1135.50	5	3	495.01
Card Sets/Printings	DD2	38	18	3685.07	26	12	2483.29	22	4	1786.18
Card Sets/Printings	SCG	71	71	6995.99	36	36	3747.19	19	17	1844.83
Card Sets/Printings	ROE	138	95	13071.28	78	60	7298.46	36	42	3766.24
Card Sets/Printings	CEI	148	134	14962.63	111	47	9858.30	89	22	7476.71
Card Sets/Printings	10E	203	164	19759.98	132	72	11920.44	79	53	7589.98
Card Sets/Printings	pLGM	2	0	158.46	2	0	139.04	2	0	161.08
Card Sets/Printings	RTR	163	91	14514.00	94	69	9088.69	63	31	5469.59
Card Sets/Printings	M15	161	107	14806.12	86	76	8249.65	48	38	4503.38
Card Sets/Printings	pMEI	114	29	9657.36	80	35	7139.18	50	30	4531.86
Card Sets/Printings	DST	81	84	8147.61	45	36	4143.92	26	19	2446.74
Card Sets/Printings	p15A	2	0	179.32	2	0	168.39	1	1	98.15
Card Sets/Printings	DD3_GVL	41	16	3440.76	24	17	2241.09	15	9	1373.78
Card Sets/Printings	DDR	39	23	3533.82	21	18	2021.47	14	7	1136.33
Card Sets/Printings	DDQ	40	27	3889.54	23	17	2075.21	9	14	1109.08
Card Sets/Printings	DDP	44	23	4018.10	28	16	2579.43	17	11	1527.58
Card Sets/Printings	pJGP	89	1	7264.83	93	4	7868.86	83	10	6943.53
Card Sets/Printings	DDK	53	18	4639.55	30	23	3034.91	18	12	1705.00
Card Sets/Printings	DDJ	53	24	4870.91	38	16	3351.08	25	13	2274.01
Card Sets/Printings	DDI	42	28	3962.30	21	21	2219.59	14	7	1244.87
Card Sets/Printings	DDH	56	21	4991.67	39	17	3400.44	28	11	2373.68
Card Sets/Printings	DDO	39	19	3469.14	26	13	2442.00	14	12	1447.39
Card Sets/Printings	DDN	46	25	4250.37	30	16	2798.13	21	9	1826.52
Card Sets/Printings	DDM	54	22	4698.59	33	21	2964.28	21	12	1897.70
Card Sets/Printings	DDL	43	25	4030.85	24	19	2374.26	18	6	1511.14
Card Sets/Printings	DDC	34	22	3070.43	25	9	2142.00	14	11	1380.70
Card Sets/Printings	CST	24	28	2552.46	14	10	1319.24	10	4	937.04
Card Sets/Printings	DDG	46	26	3928.02	23	23	2236.69	12	11	1229.44
Card Sets/Printings	CSP	81	74	7815.45	37	44	3855.03	19	18	1709.52
Card Sets/Printings	DDE	49	17	4154.79	29	21	2775.18	18	11	1766.85
Card Sets/Printings	DDD	41	16	3440.76	24	17	2241.09	15	9	1373.78
Card Sets/Printings	DD3_EVG	37	19	3321.48	26	11	2250.06	13	13	1408.89
Card Sets/Printings	DD3_DVD	34	22	3070.43	25	9	2142.00	14	11	1380.70
Card Sets/Printings	PC2	100	36	8764.36	63	37	5738.48	34	29	3319.18
Card Sets/Printings	MOR	83	67	7904.85	34	49	3804.07	16	18	1718.32
Card Sets/Printings	INV	146	189	15406.13	65	81	6580.56	26	39	3059.94
Card Sets/Printings	pFNM	158	31	13498.53	139	20	11311.21	106	33	8909.57
Card Sets/Printings	AVR	120	114	11928.40	62	58	6181.15	32	30	3050.21
Card Sets/Printings	BTD	44	38	4267.18	33	11	2752.64	21	12	2007.07
Card Sets/Printings	MM3	186	62	16602.37	132	55	12158.44	90	42	7767.58
Card Sets/Printings	MPS	48	3	4194.16	48	1	4055.99	38	10	3247.37
Card Sets/Printings	LRW	156	130	15474.03	83	73	8244.31	44	39	4296.78
Card Sets/Printings	CM1	18	0	1402.82	15	3	1301.22	12	3	960.30
Card Sets/Printings	TMP	151	184	15617.19	82	69	7975.77	48	34	4428.09
Card Sets/Printings	OGW	92	91	9166.57	45	47	4678.02	22	23	2317.93
Card Sets/Printings	HOP	109	37	9125.78	73	36	6447.60	38	35	3828.73
Card Sets/Printings	pELP	5	0	419.09	5	0	384.05	5	0	400.80
Card Sets/Printings	ATH	50	31	4697.89	39	11	3228.24	26	13	2455.84
Card Sets/Printings	MM2	182	67	15583.81	122	60	10978.31	72	50	6832.68
Card Sets/Printings	CON	84	61	8166.79	47	37	4344.27	22	25	2230.62
Card Sets/Printings	ME4	119	138	12359.68	73	49	6931.87	60	13	4903.54
Card Sets/Printings	AER	3	4	332.48	2	1	151.38	2	0	131.11
Card Sets/Printings	ME3	84	130	9687.11	56	34	4974.62	36	20	3290.97
Card Sets/Printings	ATQ	34	50	3717.47	16	19	1644.72	13	3	970.40
Card Sets/Printings	DGM	87	69	8707.50	49	38	4574.68	20	29	2234.95
Card Sets/Printings	ISD	157	97	14657.90	92	65	8927.03	50	42	4825.00
Card Sets/Printings	ODY	153	182	15413.19	64	89	6999.02	35	29	3245.52
Card Sets/Printings	pALP	5	0	419.09	5	0	384.05	5	0	400.80
Card Sets/Printings	PD3	21	6	1918.66	20	1	1598.85	13	7	1252.24
Card Sets/Printings	PD2	25	6	2171.21	19	6	1637.92	16	3	1374.37
Card Sets/Printings	DDF	39	34	4064.87	23	16	2316.81	16	7	1370.54
Card Sets/Printings	pARL	37	9	2919.64	25	12	2399.58	20	5	1669.81
Card Sets/Printings	H09	31	10	2645.73	20	11	1856.37	12	8	1096.01
Card Sets/Printings	S99	54	104	6295.14	34	20	3001.06	22	12	1896.59
Card Sets/Printings	EMN	118	87	11150.35	63	55	5971.98	28	35	2998.77
Card Sets/Printings	FRF	103	76	9670.82	47	57	5126.33	25	22	2411.98
Card Sets/Printings	MGB	1	9	356.31	1	0	71.24	1	0	53.36
Card Sets/Printings	pLPA	27	3	2186.18	20	7	1742.46	11	9	1013.20
Card Sets/Printings	FEM	26	76	3729.37	7	19	1022.89	5	2	398.09
Card Sets/Printings	9ED	181	163	17911.33	114	67	10287.77	70	44	6377.06
Card Sets/Printings	pDRC	0	1	37.20	0	0	0.00	0	0	0.00
Card Sets/Printings	pMGD	40	10	3492.82	25	15	2289.87	15	10	1352.18
Card Sets/Printings	UNH	54	87	6043.97	21	33	2351.48	9	12	1070.57
Card Sets/Printings	2ED	148	134	14962.63	111	47	9858.30	89	22	7476.71
Card Sets/Printings	MD1	23	3	1956.03	22	1	1770.90	18	4	1576.73
Card Sets/Printings	5DN	86	78	8409.92	44	43	4372.43	19	25	2170.36
Card Sets/Printings	DRB	12	3	1066.97	9	3	779.48	8	1	659.92
Card Sets/Printings	MED	90	94	9254.17	56	35	5284.67	41	15	3540.81
Card Sets/Printings	ALL	49	95	5904.12	21	28	2208.54	11	10	1062.49
Card Sets/Printings	pGPX	10	1	896.03	9	1	840.33	9	0	686.35
Card Sets/Printings	PLS	74	67	7033.13	32	44	3488.40	19	13	1697.58
Card Sets/Printings	NMS	62	81	6216.87	22	40	2707.50	8	14	1002.18
Card Sets/Printings	LEG	84	221	11931.70	47	42	4574.19	26	21	2558.58
Card Sets/Printings	S00	25	28	2382.43	18	7	1380.16	14	4	1232.03
Card Sets/Printings	ZEN	140	94	12955.63	81	59	7511.62	45	36	4413.86
Card Sets/Printings	ALA	140	94	13064.31	78	62	7410.36	44	34	4189.98
Card Sets/Printings	M11	154	79	13939.86	111	44	9326.38	76	35	6631.01
Card Sets/Printings	M10	144	90	13352.82	97	47	8473.33	68	29	5897.36
Card Sets/Printings	M13	152	82	13938.99	86	66	8565.42	58	28	5179.43
Card Sets/Printings	M12	142	92	13637.33	93	49	8378.33	64	29	5423.40
Card Sets/Printings	PLC	103	61	9408.04	57	47	5426.00	29	28	2815.65
Card Sets/Printings	M14	137	96	12836.40	83	55	7514.84	46	37	4309.29
Card Sets/Printings	ORI	154	119	14831.43	94	60	8489.48	53	41	5021.95
Card Sets/Printings	MMA	162	66	14918.70	121	42	10658.60	85	36	7505.31
Card Sets/Printings	BRB	54	50	5403.93	34	21	3359.49	28	6	2390.07
Card Sets/Printings	ITP	29	28	2805.67	17	12	1575.66	11	6	1017.43
Card Sets/Printings	USG	163	166	16135.38	83	86	8684.15	49	34	4608.31
Card Sets/Printings	pSUS	12	6	1062.35	11	1	867.53	8	3	703.01
Card Sets/Printings	p2HG	1	0	81.08	1	0	62.59	1	0	65.24
Card Sets/Printings	TOR	65	78	6691.83	30	35	3037.99	12	18	1357.80
Card Sets/Printings	4ED	154	212	17039.13	91	65	8501.56	64	27	5586.35
Card Sets/Printings	GTC	143	106	13628.43	79	64	7693.99	35	44	3774.15
Card Sets/Printings	pGRU	5	0	419.09	5	0	384.05	5	0	400.80
Card Sets/Printings	DPA	66	35	6044.21	48	18	4135.57	29	19	2644.67
Card Sets/Printings	C13	244	97	21602.94	148	96	13747.58	83	65	8022.65
Card Sets/Printings	C16	293	48	24060.44	201	92	18052.75	123	78	11297.96
Card Sets/Printings	C15	258	69	22002.67	179	79	15773.39	104	75	9758.28
Card Sets/Printings	C14	255	67	22012.97	183	72	16071.94	114	69	10497.12
Card Sets/Printings	pWCQ	2	0	177.98	2	0	161.91	2	0	157.54
Card Sets/Printings	CN2	137	72	12351.63	74	63	7293.18	38	36	3846.71
Card Sets/Printings	SOI	172	115	15763.29	86	86	8338.12	37	49	3959.45
Card Sets/Printings	SOK	77	88	7814.40	31	46	3306.77	8	23	1208.87
Card Sets/Printings	POR	69	131	7924.36	36	33	3567.66	22	14	2045.31
Card Sets/Printings	pSUM	1	1	84.02	1	0	78.80	1	0	66.58
Card Sets/Printings	6ED	151	183	16439.19	91	61	8535.65	61	30	5328.06
Card Sets/Printings	ONS	163	172	16469.69	81	82	7936.20	38	43	4109.37
Card Sets/Printings	DIS	101	79	9698.34	50	51	4978.26	22	28	2350.51
Card Sets/Printings	MBS	89	61	8416.66	49	40	4870.33	32	17	2890.20
Card Sets/Printings	KLD	154	110	14400.93	78	76	7803.73	43	35	4066.18
Card Sets/Printings	pHHO	7	4	600.91	4	3	337.35	0	4	140.32
Card Sets/Printings	V11	13	2	1247.71	12	1	985.32	12	0	948.48
Card Sets/Printings	CNS	115	81	10892.26	64	52	6067.21	38	26	3448.87
Card Sets/Printings	STH	67	76	6522.54	34	33	3215.92	18	16	1691.00
Card Sets/Printings	ICE	120	252	14784.90	50	71	5823.80	33	17	2906.71
Card Sets/Printings	ME2	90	153	10394.90	34	58	4197.10	23	11	2037.90
Card Sets/Printings	KTK	146	107	13835.18	77	70	7709.97	42	35	4069.58
Card Sets/Printings	ULG	69	72	6979.06	31	40	3414.09	20	11	1756.07
Card Sets/Printings	DKM	28	16	2419.69	18	10	1587.25	12	6	1091.51
Card Sets/Printings	UDS	57	85	6169.16	28	30	2905.44	15	13	1518.24
Card Sets/Printings	LGN	63	82	6559.34	26	37	2747.65	11	15	1157.33
Card Sets/Printings	V12	12	3	1038.23	9	3	870.16	7	2	651.55
Card Sets/Printings	V13	19	1	1682.64	19	0	1621.68	17	2	1453.27
Card Sets/Printings	V10	15	0	1209.30	15	0	1189.98	11	4	1012.00
Card Sets/Printings	7ED	173	162	17083.71	105	68	9465.20	61	44	5610.03
Card Sets/Printings	V16	15	0	1212.67	12	3	1024.52	8	4	702.41
Card Sets/Printings	pPOD	3	3	242.68	1	2	115.25	1	0	51.27
Card Sets/Printings	V14	14	1	1088.72	11	3	966.26	10	1	808.51
Card Sets/Printings	V15	15	0	1265.01	14	1	1145.31	13	1	993.20
Card Sets/Printings	FRF_UGIN	18	8	1506.97	10	8	939.65	4	6	433.89
Card Sets/Printings	ARB	101	43	9018.26	63	39	5574.84	31	32	3084.09
Card Sets/Printings	ARC	107	34	9529.86	75	32	6412.36	46	29	4285.87
Card Sets/Printings	EXO	62	81	6329.46	30	32	3183.80	19	11	1593.03
Card Sets/Printings	WWK	101	44	8751.92	60	41	5556.50	30	30	3105.79
Card Sets/Printings	DD3_JVC	38	18	3685.07	26	12	2483.29	22	4	1786.18
Card Sets/Printings	MMQ	119	214	13995.12	38	82	5010.52	20	18	1911.86
Card Sets/Printings	ARN	29	49	3592.24	17	12	1542.01	8	9	903.03
